state,year,hay_alf_acres,alf_irrigated_acres,alf_non_irrigated_acres_harvested,hay_alf_tons,alf_irrigated_production_tons,non_irrigated_production,irrigation_share,hay_alfalfa_yield_tons_per_acre,alf_irrigated_yield_tons_per_acre,alf_non_irrigated_yield_tons_per_acre,haylage_acres,haylage_production,haylage_irrigated_acres,haylage_irrigated_ops
Alabama,2007,7526,91,7435,16944,NA,NA,0.012091416423066702,2.251395163433431,NA,NA,1302,1584,NA,NA
Alabama,2012,4986,31,4955,8361,NA,NA,0.006217409,1.6768953068592058,NA,NA,1459,5096,NA,NA
Alabama,2015,NA,NA,NA,0,NA,NA,NA,NA,NA,NA,NA,NA,NA,NA
Alabama,2017,3157,NA,NA,6704,NA,NA,NA,2.123535001583782,NA,NA,1108,7401,0,2
Alabama,2022,19964,486,19478,42583,NA,NA,0.024343819,2.132989380885594,NA,NA,5314,40405,244,7
Arizona,2005,260000,NA,NA,2184000,NA,NA,NA,8.4,NA,NA,NA,NA,NA,NA
Arizona,2006,250000,NA,NA,2075000,NA,NA,NA,8.3,NA,NA,NA,NA,NA,NA
Arizona,2007,512407,257263,255144,4008043,NA,NA,0.502067692,8,NA,NA,46007,167265,46007,95
Arizona,2008,260000,NA,NA,2236000,NA,NA,NA,8.6,NA,NA,NA,NA,NA,NA
Arizona,2009,280000,NA,NA,2380000,NA,NA,NA,8.5,NA,NA,NA,NA,NA,NA
Arizona,2010,280000,NA,NA,2296000,NA,NA,NA,8.2,NA,NA,NA,NA,NA,NA
Arizona,2011,250000,NA,NA,2075000,NA,NA,NA,8.3,NA,NA,NA,NA,NA,NA
Arizona,2012,522457,270948,251509,4117479,NA,NA,0.5186034448768032,8.4,NA,NA,43753,161002,43753,109
Arizona,2013,250000,NA,NA,2025000,NA,NA,NA,8.1,NA,NA,NA,NA,NA,NA
Arizona,2014,260000,NA,NA,2210000,NA,NA,NA,8.5,NA,NA,NA,NA,NA,NA
Arizona,2015,300000,NA,NA,2520000,NA,NA,NA,8.4,NA,NA,NA,NA,NA,NA
Arizona,2016,285000,NA,NA,2451000,NA,NA,NA,8.6,NA,NA,NA,NA,NA,NA
Arizona,2017,587903,302903,285000,4842105,NA,NA,0.5152261512528428,8.4,NA,NA,50289,210624,50289,101
Arizona,2018,260000,NA,NA,2158000,NA,NA,NA,8.3,NA,NA,NA,NA,NA,NA
Arizona,2019,290000,NA,NA,2407000,NA,NA,NA,8.3,NA,NA,NA,NA,NA,NA
Arizona,2020,260000,NA,NA,2210000,NA,NA,NA,8.5,NA,NA,NA,NA,NA,NA
Arizona,2021,290000,NA,NA,2407000,NA,NA,NA,8.3,NA,NA,NA,NA,NA,NA
Arizona,2022,584623,304623,280000,4536787,NA,NA,0.5210588704173459,8.2,NA,NA,54832,153633,54832,82
Arizona,2023,280000,NA,NA,2324000,NA,NA,NA,8.3,NA,NA,NA,NA,NA,NA
Arizona,2024,270000,NA,NA,1971000,NA,NA,NA,7.3,NA,NA,NA,NA,NA,NA
Arizona,2025,280000,NA,NA,2072000,NA,NA,NA,7.4,NA,NA,NA,NA,NA,NA
Arkansas,2005,20000,NA,NA,46000,NA,NA,NA,2.3,NA,NA,NA,NA,NA,NA
Arkansas,2006,15000,NA,NA,54000,NA,NA,NA,3.6,NA,NA,NA,NA,NA,NA
Arkansas,2007,26732,932,25800,67647,NA,NA,0.034864581774652105,2.6,NA,NA,405,1170,NA,NA
Arkansas,2008,15000,NA,NA,53000,NA,NA,NA,3.5,NA,NA,NA,NA,NA,NA
Arkansas,2009,15000,NA,NA,51000,NA,NA,NA,3.4,NA,NA,NA,NA,NA,NA
Arkansas,2010,10000,NA,NA,35000,NA,NA,NA,3.5,NA,NA,NA,NA,NA,NA
Arkansas,2011,10000,NA,NA,23000,NA,NA,NA,2.3,NA,NA,NA,NA,NA,NA
Arkansas,2012,14943,0,14943,33532,NA,NA,0,2.2,NA,NA,139,112,NA,NA
Arkansas,2013,5000,NA,NA,17000,NA,NA,NA,3.3,NA,NA,NA,NA,NA,NA
Arkansas,2014,5000,NA,NA,18000,NA,NA,NA,3.6,NA,NA,NA,NA,NA,NA
Arkansas,2015,5000,NA,NA,14000,NA,NA,NA,2.7,NA,NA,NA,NA,NA,NA
Arkansas,2016,4000,NA,NA,14000,NA,NA,NA,3.6,NA,NA,NA,NA,NA,NA
Arkansas,2017,5492,112,5380,17491,NA,NA,0.020393299,3.6,NA,NA,552,2850,NA,NA
Arkansas,2018,3000,NA,NA,8000,NA,NA,NA,2.5,NA,NA,NA,NA,NA,NA
Arkansas,2019,3000,NA,NA,10000,NA,NA,NA,3.2,NA,NA,NA,NA,NA,NA
Arkansas,2020,3000,NA,NA,10000,NA,NA,NA,3.3,NA,NA,NA,NA,NA,NA
Arkansas,2021,3000,NA,NA,10000,NA,NA,NA,3.3,NA,NA,NA,NA,NA,NA
Arkansas,2022,4180,98,4082,12867,NA,NA,0.023444976076555026,2.8,NA,NA,702,943,NA,NA
Arkansas,2023,2000,NA,NA,6000,NA,NA,NA,3,NA,NA,NA,NA,NA,NA
California,2005,1040000,NA,NA,7176000,NA,NA,NA,6.9,NA,NA,95000,732000,NA,NA
California,2006,1100000,NA,NA,7480000,NA,NA,NA,6.8,NA,NA,80000,584000,NA,NA
California,2007,1976982,963086,1013896,14185014,NA,NA,0.4871496048016623,7.2,NA,NA,167812,1105721,78944,343
California,2008,1030000,NA,NA,7210000,NA,NA,NA,7,NA,NA,90000,432000,NA,NA
California,2009,1000000,NA,NA,7000000,NA,NA,NA,7,NA,NA,60000,540000,NA,NA
California,2010,930000,NA,NA,6324000,NA,NA,NA,6.8,NA,NA,70000,455000,NA,NA
California,2011,880000,NA,NA,6072000,NA,NA,NA,6.9,NA,NA,60000,468000,NA,NA
California,2012,1774137,831858,942279,11637210,NA,NA,0.46888036267774136,6.7,NA,NA,161573,1100353,76306,357
California,2013,830000,NA,NA,5810000,NA,NA,NA,7,NA,NA,75000,660000,NA,NA
California,2014,825000,NA,NA,5693000,NA,NA,NA,6.9,NA,NA,65000,540000,NA,NA
California,2015,790000,NA,NA,5451000,NA,NA,NA,6.9,NA,NA,70000,455000,NA,NA
California,2016,720000,NA,NA,5040000,NA,NA,NA,7,NA,NA,100000,620000,NA,NA
California,2017,1471596,727299,744297,9416210,NA,NA,0.4942246377402494,6.8,NA,NA,147318,857704,71083,362
California,2018,620000,NA,NA,4278000,NA,NA,NA,6.9,NA,NA,80000,496000,NA,NA
California,2019,580000,NA,NA,4118000,NA,NA,NA,7.1,NA,NA,60000,384000,NA,NA
California,2020,475000,NA,NA,3420000,NA,NA,NA,7.2,NA,NA,60000,468000,NA,NA
California,2021,500000,NA,NA,3700000,NA,NA,NA,7.4,NA,NA,80000,536000,NA,NA
California,2022,1383692,868823,514869,9135847,NA,NA,0.6279020186573313,7.2,NA,NA,118993,683609,65004,279
California,2023,480000,NA,NA,3120000,NA,NA,NA,6.5,NA,NA,60000,438000,NA,NA
California,2024,480000,NA,NA,3168000,NA,NA,NA,6.6,NA,NA,50000,305000,NA,NA
California,2025,460000,NA,NA,3128000,NA,NA,NA,6.8,NA,NA,50000,375000,NA,NA
Colorado,2005,800000,700000,100000,2960000,2860000,100000,0.875,3.7,4.1,1,NA,NA,NA,NA
Colorado,2006,780000,680000,100000,2964000,2839000,125000,0.8717948717948718,3.8,4.2,1.25,NA,NA,NA,NA
Colorado,2007,1681053,1407234,120000,5921865,2890000,144000,0.8371145942453926,3.7,4.15,1.2,22484,117509,20479,233
Colorado,2008,820000,720000,100000,2706000,2605000,101000,0.8780487804878049,3.3,3.6,1,NA,NA,NA,NA
Colorado,2009,850000,NA,NA,3315000,NA,NA,NA,3.9,NA,NA,NA,NA,NA,NA
Colorado,2010,820000,NA,NA,2870000,NA,NA,NA,3.5,NA,NA,NA,NA,NA,NA
Colorado,2011,800000,NA,NA,2880000,NA,NA,NA,3.6,NA,NA,NA,NA,NA,NA
Colorado,2012,1334284,560868,773416,4092795,NA,NA,0.4203512895305647,3.3,NA,NA,22589,110927,20828,243
Colorado,2013,650000,NA,NA,1885000,NA,NA,NA,2.9,NA,NA,NA,NA,NA,NA
Colorado,2014,740000,NA,NA,2516000,NA,NA,NA,3.4,NA,NA,NA,NA,NA,NA
Colorado,2015,700000,NA,NA,2870000,NA,NA,NA,4.1,NA,NA,NA,NA,NA,NA
Colorado,2016,680000,NA,NA,2380000,NA,NA,NA,3.5,NA,NA,NA,NA,NA,NA
Colorado,2017,1464249,659495,804754,5042530,NA,NA,0.4503981221773073,3.7,NA,NA,38763,231827,35989,490
Colorado,2018,730000,NA,NA,2482000,NA,NA,NA,3.4,NA,NA,NA,NA,NA,NA
Colorado,2019,730000,NA,NA,2701000,NA,NA,NA,3.7,NA,NA,NA,NA,NA,NA
Colorado,2020,700000,NA,NA,2380000,NA,NA,NA,3.4,NA,NA,NA,NA,NA,NA
Colorado,2021,780000,NA,NA,3120000,NA,NA,NA,4,NA,NA,NA,NA,NA,NA
Colorado,2022,1245129,564610,680519,3588267,NA,NA,0.453455024,2.9,NA,NA,52570,251822,50566,423
Colorado,2023,650000,NA,NA,2210000,NA,NA,NA,3.4,NA,NA,NA,NA,NA,NA
Colorado,2024,675000,NA,NA,2498000,NA,NA,NA,3.7,NA,NA,NA,NA,NA,NA
Colorado,2025,620000,NA,NA,2356000,NA,NA,NA,3.8,NA,NA,NA,NA,NA,NA
Connecticut,2005,8000,NA,NA,19000,NA,NA,NA,2.4,NA,NA,NA,NA,NA,NA
Connecticut,2006,7000,NA,NA,15000,NA,NA,NA,2.1,NA,NA,NA,NA,NA,NA
Connecticut,2007,16343,NA,NA,36441,NA,NA,NA,2.3,NA,NA,3916,23460,NA,NA
Connecticut,2008,9000,NA,NA,23000,NA,NA,NA,2.5,NA,NA,NA,NA,NA,NA
Connecticut,2009,7000,NA,NA,14000,NA,NA,NA,2,NA,NA,NA,NA,NA,NA
Connecticut,2010,6000,NA,NA,12000,NA,NA,NA,2,NA,NA,NA,NA,NA,NA
Connecticut,2011,5000,NA,NA,11000,NA,NA,NA,2.1,NA,NA,NA,NA,NA,NA
Connecticut,2012,9883,25,9858,26972,NA,NA,0.002529596,2.8,NA,NA,3062,17355,NA,NA
Connecticut,2013,7000,NA,NA,14000,NA,NA,NA,2,NA,NA,NA,NA,NA,NA
Connecticut,2014,8000,NA,NA,16000,NA,NA,NA,2,NA,NA,NA,NA,NA,NA
Connecticut,2015,7000,NA,NA,13000,NA,NA,NA,1.8,NA,NA,NA,NA,NA,NA
Connecticut,2016,6000,NA,NA,11000,NA,NA,NA,1.9,NA,NA,NA,NA,NA,NA
Connecticut,2017,17433,0,17433,34278,NA,NA,0,2.3,NA,NA,2662,9252,NA,NA
Connecticut,2018,7000,NA,NA,18000,NA,NA,NA,2.5,NA,NA,NA,NA,NA,NA
Connecticut,2019,7000,NA,NA,13000,NA,NA,NA,1.9,NA,NA,NA,NA,NA,NA
Connecticut,2020,6000,NA,NA,11000,NA,NA,NA,1.9,NA,NA,NA,NA,NA,NA
Connecticut,2021,6000,NA,NA,13000,NA,NA,NA,2.1,NA,NA,NA,NA,NA,NA
Connecticut,2022,15240,87,15153,27820,NA,NA,0.005708661,2.1,NA,NA,3730,13051,NA,NA
Connecticut,2023,5000,NA,NA,11000,NA,NA,NA,2.1,NA,NA,NA,NA,NA,NA
Connecticut,2024,5000,NA,NA,11000,NA,NA,NA,2.1,NA,NA,NA,NA,NA,NA
Connecticut,2025,5000,NA,NA,10000,NA,NA,NA,2,NA,NA,NA,NA,NA,NA
Delaware,2005,5000,NA,NA,18000,NA,NA,NA,3.6,NA,NA,NA,NA,NA,NA
Delaware,2006,5000,NA,NA,20000,NA,NA,NA,3.9,NA,NA,NA,NA,NA,NA
Delaware,2007,8687,421,8266,26530,NA,NA,0.048463221,2.6,NA,NA,0,5945,0,3
Delaware,2008,6000,NA,NA,20000,NA,NA,NA,3.3,NA,NA,NA,NA,NA,NA
Delaware,2009,5000,NA,NA,20000,NA,NA,NA,3.9,NA,NA,NA,NA,NA,NA
Delaware,2010,5000,NA,NA,17000,NA,NA,NA,3.4,NA,NA,NA,NA,NA,NA
Delaware,2011,5000,NA,NA,15000,NA,NA,NA,3,NA,NA,NA,NA,NA,NA
Delaware,2012,10837,477,10360,29272,NA,NA,0.044015872,2.7,NA,NA,534,1752,NA,NA
Delaware,2013,6000,NA,NA,21000,NA,NA,NA,3.5,NA,NA,NA,NA,NA,NA
Delaware,2014,4000,NA,NA,11000,NA,NA,NA,2.7,NA,NA,NA,NA,NA,NA
Delaware,2015,4000,NA,NA,11000,NA,NA,NA,2.7,NA,NA,NA,NA,NA,NA
Delaware,2016,5000,NA,NA,14000,NA,NA,NA,2.8,NA,NA,NA,NA,NA,NA
Delaware,2017,7480,259,7221,26218,NA,NA,0.034625668,3.5,NA,NA,509,5253,NA,NA
Delaware,2018,4000,NA,NA,12000,NA,NA,NA,2.9,NA,NA,NA,NA,NA,NA
Delaware,2019,3000,NA,NA,9000,NA,NA,NA,3,NA,NA,NA,NA,NA,NA
Delaware,2020,4000,NA,NA,10000,NA,NA,NA,2.5,NA,NA,NA,NA,NA,NA
Delaware,2021,3000,NA,NA,7000,NA,NA,NA,2.2,NA,NA,NA,NA,NA,NA
Delaware,2022,3619,208,3411,9935,NA,NA,0.057474440453163855,2.85,NA,NA,71,452,NA,NA
Delaware,2023,4000,NA,NA,13000,NA,NA,NA,3.2,NA,NA,NA,NA,NA,NA
Delaware,2024,3000,NA,NA,8000,NA,NA,NA,2.5,NA,NA,NA,NA,NA,NA
Delaware,2025,3000,NA,NA,11000,NA,NA,NA,3.5,NA,NA,NA,NA,NA,NA
Florida,2007,6951,1071,5880,14993,NA,NA,0.1540785498489426,2.1569558336929937,NA,NA,1010,7177,0,1
Florida,2012,4988,566,4422,8219,NA,NA,0.11347233360064155,1.6477546110665597,NA,NA,584,1691,0,2
Florida,2015,NA,NA,NA,0,NA,NA,NA,NA,NA,NA,NA,NA,NA,NA
Florida,2017,10167,886,9281,22134,NA,NA,0.087144684,2.1770433756270284,NA,NA,6185,72193,3067,18
Florida,2022,13288,732,12556,37772,NA,NA,0.055087296809151115,2.8425647200481636,NA,NA,7517,55987,2739,20
Georgia,2007,1655,243,1412,4810,NA,NA,0.14682779456193354,2.906344410876133,NA,NA,802,2754,116,5
Georgia,2012,1599,268,1331,3429,NA,NA,0.16760475297060662,2.144465290806754,NA,NA,1387,6952,204,5
Georgia,2015,NA,NA,NA,0,NA,NA,NA,NA,NA,NA,NA,NA,NA,NA
Georgia,2017,10066,947,9119,24171,NA,NA,0.094079078,2.401251739,NA,NA,3096,30667,284,5
Georgia,2022,22948,639,22309,43936,NA,NA,0.027845563883562838,1.9145895067108245,NA,NA,4943,23774,149,5
Idaho,2005,1100000,870000,230000,4620000,4263000,357000,0.7909090909090909,4.2,4.9,1.55,60000,630000,NA,NA
Idaho,2006,1130000,910000,220000,4859000,4510000,349000,0.8053097345132744,4.3,4.96,1.59,90000,1260000,NA,NA
Idaho,2007,2187520,1791092,220000,8969543,4455000,260000,0.8187774283206554,4.1,4.79,1.18,146411,1683557,70145,349
Idaho,2008,1130000,900000,230000,4972000,4597000,375000,0.7964601769911505,4.4,5.1,1.65,80000,1184000,NA,NA
Idaho,2009,1140000,NA,NA,4788000,NA,NA,NA,4.2,NA,NA,65000,683000,NA,NA
Idaho,2010,1130000,NA,NA,4746000,NA,NA,NA,4.2,NA,NA,85000,935000,NA,NA
Idaho,2011,1000000,NA,NA,4300000,NA,NA,NA,4.3,NA,NA,85000,1063000,NA,NA
Idaho,2012,2067761,811911,1255850,8126325,NA,NA,0.39265224559318024,4,NA,NA,174734,1923706,86639,455
Idaho,2013,1120000,NA,NA,4256000,NA,NA,NA,3.8,NA,NA,65000,813000,NA,NA
Idaho,2014,1090000,NA,NA,4251000,NA,NA,NA,3.9,NA,NA,80000,920000,NA,NA
Idaho,2015,1000000,NA,NA,4200000,NA,NA,NA,4.2,NA,NA,70000,770000,NA,NA
Idaho,2016,1000000,NA,NA,4400000,NA,NA,NA,4.4,NA,NA,100000,1300000,NA,NA
Idaho,2017,2193062,918373,1274689,8801851,NA,NA,0.41876289863214083,4,NA,NA,163825,1584417,96663,490
Idaho,2018,1050000,NA,NA,4410000,NA,NA,NA,4.2,NA,NA,85000,765000,NA,NA
Idaho,2019,1010000,NA,NA,4444000,NA,NA,NA,4.4,NA,NA,115000,1438000,NA,NA
Idaho,2020,1010000,NA,NA,4545000,NA,NA,NA,4.5,NA,NA,105000,998000,NA,NA
Idaho,2021,960000,NA,NA,3936000,NA,NA,NA,4.1,NA,NA,100000,1340000,NA,NA
Idaho,2022,2107568,870101,1237467,8484331,NA,NA,0.4128459912088246,4.3,NA,NA,196950,2372964,111495,518
Idaho,2023,1000000,NA,NA,4500000,NA,NA,NA,4.5,NA,NA,125000,1525000,NA,NA
Idaho,2024,940000,NA,NA,3854000,NA,NA,NA,4.1,NA,NA,95000,1159000,NA,NA
Idaho,2025,870000,NA,NA,3567000,NA,NA,NA,4.1,NA,NA,120000,1260000,NA,NA
Illinois,2005,400000,NA,NA,1400000,NA,NA,NA,3.5,NA,NA,38000,213000,NA,NA
Illinois,2006,410000,NA,NA,1681000,NA,NA,NA,4.1,NA,NA,30000,231000,NA,NA
Illinois,2007,702339,906,701433,2544512,NA,NA,0.001289975,3.7,NA,NA,70341,479910,0,5
Illinois,2008,350000,NA,NA,1365000,NA,NA,NA,3.9,NA,NA,35000,186000,NA,NA
Illinois,2009,340000,NA,NA,1326000,NA,NA,NA,3.9,NA,NA,24000,199000,NA,NA
Illinois,2010,340000,NA,NA,1292000,NA,NA,NA,3.8,NA,NA,30000,255000,NA,NA
Illinois,2011,280000,NA,NA,952000,NA,NA,NA,3.4,NA,NA,31000,239000,NA,NA
Illinois,2012,537746,1073,536673,1623158,NA,NA,0.001995366,3,NA,NA,71585,472242,0,13
Illinois,2013,340000,NA,NA,1224000,NA,NA,NA,3.6,NA,NA,38000,141000,NA,NA
Illinois,2014,270000,NA,NA,1080000,NA,NA,NA,4,NA,NA,40000,264000,NA,NA
Illinois,2015,230000,NA,NA,805000,NA,NA,NA,3.5,NA,NA,34000,272000,NA,NA
Illinois,2016,230000,NA,NA,897000,NA,NA,NA,3.9,NA,NA,25000,233000,NA,NA
Illinois,2017,478167,499,477668,1788430,NA,NA,0.001043568,4.1,NA,NA,65995,530658,0,4
Illinois,2018,250000,NA,NA,825000,NA,NA,NA,3.3,NA,NA,24000,156000,NA,NA
Illinois,2019,200000,NA,NA,700000,NA,NA,NA,3.5,NA,NA,30000,222000,NA,NA
Illinois,2020,220000,NA,NA,858000,NA,NA,NA,3.9,NA,NA,35000,238000,NA,NA
Illinois,2021,290000,NA,NA,1088000,NA,NA,NA,3.75,NA,NA,30000,212000,NA,NA
Illinois,2022,459586,2875,456711,1620476,NA,NA,0.00625563,3.65,NA,NA,61823,425811,0,2
Illinois,2023,180000,NA,NA,684000,NA,NA,NA,3.8,NA,NA,27000,184000,NA,NA
Illinois,2024,260000,NA,NA,975000,NA,NA,NA,3.75,NA,NA,30000,261000,NA,NA
Illinois,2025,265000,NA,NA,967000,NA,NA,NA,3.65,NA,NA,30000,266000,NA,NA
Indiana,2005,340000,NA,NA,1292000,NA,NA,NA,3.8,NA,NA,NA,NA,NA,NA
Indiana,2006,340000,NA,NA,1394000,NA,NA,NA,4.1,NA,NA,NA,NA,NA,NA
Indiana,2007,521129,2185,518944,1421767,NA,NA,0.00419282,2.7,NA,NA,35116,226847,2535,38
Indiana,2008,300000,NA,NA,1200000,NA,NA,NA,4,NA,NA,NA,NA,NA,NA
Indiana,2009,300000,NA,NA,1080000,NA,NA,NA,3.6,NA,NA,NA,NA,NA,NA
Indiana,2010,300000,NA,NA,1080000,NA,NA,NA,3.6,NA,NA,NA,NA,NA,NA
Indiana,2011,280000,NA,NA,1120000,NA,NA,NA,4,NA,NA,NA,NA,NA,NA
Indiana,2012,483793,2040,481753,1352979,NA,NA,0.004216679,2.9,NA,NA,35658,214415,2308,35
Indiana,2013,280000,NA,NA,1036000,NA,NA,NA,3.7,NA,NA,NA,NA,NA,NA
Indiana,2014,240000,NA,NA,960000,NA,NA,NA,4,NA,NA,NA,NA,NA,NA
Indiana,2015,230000,NA,NA,897000,NA,NA,NA,3.9,NA,NA,NA,NA,NA,NA
Indiana,2016,210000,NA,NA,882000,NA,NA,NA,4.2,NA,NA,NA,NA,NA,NA
Indiana,2017,477329,2956,474373,1521575,NA,NA,0.006192794,3.3,NA,NA,42717,269838,2102,32
Indiana,2018,240000,NA,NA,720000,NA,NA,NA,3,NA,NA,NA,NA,NA,NA
Indiana,2019,220000,NA,NA,660000,NA,NA,NA,3,NA,NA,NA,NA,NA,NA
Indiana,2020,230000,NA,NA,667000,NA,NA,NA,2.9,NA,NA,NA,NA,NA,NA
Indiana,2021,270000,NA,NA,891000,NA,NA,NA,3.3,NA,NA,NA,NA,NA,NA
Indiana,2022,463050,3434,459616,1481706,NA,NA,0.007416046,3.5,NA,NA,39611,237807,2249,53
Indiana,2023,270000,NA,NA,675000,NA,NA,NA,2.5,NA,NA,NA,NA,NA,NA
Indiana,2024,240000,NA,NA,888000,NA,NA,NA,3.7,NA,NA,NA,NA,NA,NA
Indiana,2025,270000,NA,NA,891000,NA,NA,NA,3.3,NA,NA,NA,NA,NA,NA
Iowa,2005,1250000,NA,NA,5125000,NA,NA,NA,4.1,NA,NA,85000,655000,NA,NA
Iowa,2006,1150000,NA,NA,4485000,NA,NA,NA,3.9,NA,NA,100000,670000,NA,NA
Iowa,2007,1890440,1198,1889242,7294729,NA,NA,6.337149023507754e-4,4,NA,NA,179720,1334898,267,7
Iowa,2008,1150000,NA,NA,4370000,NA,NA,NA,3.8,NA,NA,100000,640000,NA,NA
Iowa,2009,920000,NA,NA,3312000,NA,NA,NA,3.6,NA,NA,55000,363000,NA,NA
Iowa,2010,880000,NA,NA,2992000,NA,NA,NA,3.4,NA,NA,75000,488000,NA,NA
Iowa,2011,820000,NA,NA,2788000,NA,NA,NA,3.4,NA,NA,65000,494000,NA,NA
Iowa,2012,1386367,541,1385826,4154729,NA,NA,3.902285614126707e-4,2.9,NA,NA,140480,1011989,0,4
Iowa,2013,730000,NA,NA,2409000,NA,NA,NA,3.3,NA,NA,90000,666000,NA,NA
Iowa,2014,810000,NA,NA,2916000,NA,NA,NA,3.6,NA,NA,130000,806000,NA,NA
Iowa,2015,770000,NA,NA,3003000,NA,NA,NA,3.9,NA,NA,90000,585000,NA,NA
Iowa,2016,550000,NA,NA,2310000,NA,NA,NA,4.2,NA,NA,95000,817000,NA,NA
Iowa,2017,1425260,710,1424550,4905316,NA,NA,4.981547226470959e-4,3.5,NA,NA,169348,1271125,136,6
Iowa,2018,620000,NA,NA,2294000,NA,NA,NA,3.7,NA,NA,55000,446000,NA,NA
Iowa,2019,700000,NA,NA,2380000,NA,NA,NA,3.4,NA,NA,85000,561000,NA,NA
Iowa,2020,830000,NA,NA,2905000,NA,NA,NA,3.5,NA,NA,50000,360000,NA,NA
Iowa,2021,910000,NA,NA,3185000,NA,NA,NA,3.5,NA,NA,100000,940000,NA,NA
Iowa,2022,1386618,874,1385744,4781442,NA,NA,6.303105830156539e-4,3.7,NA,NA,178442,1325374,148,11
Iowa,2023,750000,NA,NA,2400000,NA,NA,NA,3.2,NA,NA,50000,465000,NA,NA
Iowa,2024,720000,NA,NA,2736000,NA,NA,NA,3.8,NA,NA,50000,430000,NA,NA
Iowa,2025,720000,NA,NA,3024000,NA,NA,NA,4.2,NA,NA,80000,544000,NA,NA
Kansas,2005,850000,NA,NA,3400000,NA,NA,NA,4,NA,NA,20000,80000,NA,NA
Kansas,2006,950000,NA,NA,3610000,NA,NA,NA,3.8,NA,NA,30000,135000,NA,NA
Kansas,2007,1593140,207455,1385685,5946134,NA,NA,0.13021768331722258,3.7,NA,NA,100718,564203,20536,75
Kansas,2008,700000,NA,NA,2870000,NA,NA,NA,4.1,NA,NA,50000,250000,NA,NA
Kansas,2009,850000,NA,NA,3655000,NA,NA,NA,4.3,NA,NA,50000,375000,NA,NA
Kansas,2010,650000,NA,NA,2470000,NA,NA,NA,3.8,NA,NA,25000,183000,NA,NA
Kansas,2011,650000,NA,NA,1950000,NA,NA,NA,3,NA,NA,45000,315000,NA,NA
Kansas,2012,1183282,148385,1034897,3313838,NA,NA,0.12540121458790043,2.8,NA,NA,68814,460869,13128,34
Kansas,2013,550000,NA,NA,1925000,NA,NA,NA,3.5,NA,NA,16000,69000,NA,NA
Kansas,2014,600000,NA,NA,2280000,NA,NA,NA,3.8,NA,NA,65000,286000,NA,NA
Kansas,2015,650000,NA,NA,2470000,NA,NA,NA,3.8,NA,NA,60000,360000,NA,NA
Kansas,2016,700000,NA,NA,3010000,NA,NA,NA,4.3,NA,NA,30000,240000,NA,NA
Kansas,2017,1177483,131560,1045923,4201965,NA,NA,0.11172985087682795,3.6,NA,NA,65060,555363,14866,49
Kansas,2018,610000,NA,NA,2135000,NA,NA,NA,3.5,NA,NA,20000,120000,NA,NA
Kansas,2019,630000,NA,NA,2520000,NA,NA,NA,4,NA,NA,25000,188000,NA,NA
Kansas,2020,540000,NA,NA,1998000,NA,NA,NA,3.7,NA,NA,15000,80000,NA,NA
Kansas,2021,690000,NA,NA,2484000,NA,NA,NA,3.6,NA,NA,30000,168000,NA,NA
Kansas,2022,1244381,161925,1082456,3715957,NA,NA,0.13012493761958757,3.1,NA,NA,81006,481439,21170,94
Kansas,2023,735000,NA,NA,2242000,NA,NA,NA,3.05,NA,NA,15000,33000,NA,NA
Kansas,2024,580000,NA,NA,1537000,NA,NA,NA,2.65,NA,NA,25000,150000,NA,NA
Kansas,2025,490000,NA,NA,1764000,NA,NA,NA,3.6,NA,NA,30000,161000,NA,NA
Kentucky,2005,260000,NA,NA,832000,NA,NA,NA,3.2,NA,NA,NA,NA,NA,NA
Kentucky,2006,280000,NA,NA,1036000,NA,NA,NA,3.7,NA,NA,NA,NA,NA,NA
Kentucky,2007,549610,1210,548400,1028565,NA,NA,0.002201561,1.8,NA,NA,16366,44270,137,9
Kentucky,2008,240000,NA,NA,600000,NA,NA,NA,2.5,NA,NA,NA,NA,NA,NA
Kentucky,2009,220000,NA,NA,770000,NA,NA,NA,3.5,NA,NA,NA,NA,NA,NA
Kentucky,2010,230000,NA,NA,644000,NA,NA,NA,2.8,NA,NA,NA,NA,NA,NA
Kentucky,2011,210000,NA,NA,714000,NA,NA,NA,3.4,NA,NA,NA,NA,NA,NA
Kentucky,2012,378075,300,377775,1070475,NA,NA,7.934933544931561e-4,2.9,NA,NA,21695,110183,52,6
Kentucky,2013,200000,NA,NA,660000,NA,NA,NA,3.3,NA,NA,NA,NA,NA,NA
Kentucky,2014,165000,NA,NA,561000,NA,NA,NA,3.4,NA,NA,NA,NA,NA,NA
Kentucky,2015,170000,NA,NA,629000,NA,NA,NA,3.7,NA,NA,NA,NA,NA,NA
Kentucky,2016,160000,NA,NA,560000,NA,NA,NA,3.5,NA,NA,NA,NA,NA,NA
Kentucky,2017,392505,NA,NA,1217940,NA,NA,NA,3.3,NA,NA,28800,143371,NA,NA
Kentucky,2018,145000,NA,NA,450000,NA,NA,NA,3.1,NA,NA,NA,NA,NA,NA
Kentucky,2019,145000,NA,NA,464000,NA,NA,NA,3.2,NA,NA,NA,NA,NA,NA
Kentucky,2020,145000,NA,NA,508000,NA,NA,NA,3.5,NA,NA,NA,NA,NA,NA
Kentucky,2021,100000,NA,NA,330000,NA,NA,NA,3.3,NA,NA,NA,NA,NA,NA
Kentucky,2022,258412,515,257897,779604,NA,NA,0.001992942,3.6,NA,NA,24733,101745,95,13
Kentucky,2023,90000,NA,NA,270000,NA,NA,NA,3,NA,NA,NA,NA,NA,NA
Kentucky,2024,100000,NA,NA,300000,NA,NA,NA,3,NA,NA,NA,NA,NA,NA
Kentucky,2025,95000,NA,NA,285000,NA,NA,NA,3,NA,NA,NA,NA,NA,NA
Louisiana,2007,2164,0,2164,4768,NA,NA,0,2.2033271719038816,NA,NA,2087,5058,NA,NA
Louisiana,2012,1905,0,1905,3825,NA,NA,0,2.0078740157480315,NA,NA,494,1535,NA,NA
Louisiana,2015,NA,NA,NA,0,NA,NA,NA,NA,NA,NA,NA,NA,NA,NA
Louisiana,2017,2141,75,2066,4374,NA,NA,0.03503036,2.042970574497898,NA,NA,550,1917,0,2
Louisiana,2022,201,NA,NA,404,NA,NA,NA,2.009950248756219,NA,NA,835,1907,0,2
Maine,2005,11000,NA,NA,30000,NA,NA,NA,2.7,NA,NA,NA,NA,NA,NA
Maine,2006,10000,NA,NA,19000,NA,NA,NA,1.9,NA,NA,NA,NA,NA,NA
Maine,2007,19089,NA,NA,46876,NA,NA,NA,2.5,NA,NA,10036,73046,NA,NA
Maine,2008,8000,NA,NA,22000,NA,NA,NA,2.7,NA,NA,NA,NA,NA,NA
Maine,2009,9000,NA,NA,15000,NA,NA,NA,1.7,NA,NA,NA,NA,NA,NA
Maine,2010,7000,NA,NA,13000,NA,NA,NA,1.8,NA,NA,NA,NA,NA,NA
Maine,2011,7000,NA,NA,20000,NA,NA,NA,2.8,NA,NA,NA,NA,NA,NA
Maine,2012,19144,0,19144,29142,NA,NA,0,1.5,NA,NA,7086,50838,12,4
Maine,2013,10000,NA,NA,22000,NA,NA,NA,2.2,NA,NA,NA,NA,NA,NA
Maine,2014,10000,NA,NA,23000,NA,NA,NA,2.3,NA,NA,NA,NA,NA,NA
Maine,2015,10000,NA,NA,23000,NA,NA,NA,2.3,NA,NA,NA,NA,NA,NA
Maine,2016,10000,NA,NA,22000,NA,NA,NA,2.2,NA,NA,NA,NA,NA,NA
Maine,2017,22842,0,22842,43879,NA,NA,0,2.2,NA,NA,14208,96342,0,2
Maine,2018,10000,NA,NA,23000,NA,NA,NA,2.3,NA,NA,NA,NA,NA,NA
Maine,2019,10000,NA,NA,21000,NA,NA,NA,2.1,NA,NA,NA,NA,NA,NA
Maine,2020,9000,NA,NA,21000,NA,NA,NA,2.3,NA,NA,NA,NA,NA,NA
Maine,2021,10000,NA,NA,20000,NA,NA,NA,2,NA,NA,NA,NA,NA,NA
Maine,2022,20799,0,20799,34858,NA,NA,0,2.3,NA,NA,11723,69191,0,1
Maine,2023,8000,NA,NA,18000,NA,NA,NA,2.3,NA,NA,NA,NA,NA,NA
Maine,2024,8000,NA,NA,20000,NA,NA,NA,2.5,NA,NA,NA,NA,NA,NA
Maine,2025,10000,NA,NA,22000,NA,NA,NA,2.2,NA,NA,NA,NA,NA,NA
Maryland,2005,40000,NA,NA,156000,NA,NA,NA,3.9,NA,NA,NA,NA,NA,NA
Maryland,2006,40000,NA,NA,156000,NA,NA,NA,3.9,NA,NA,NA,NA,NA,NA
Maryland,2007,80576,712,79864,240402,NA,NA,0.008836378,3,NA,NA,18086,122069,340,9
Maryland,2008,45000,NA,NA,194000,NA,NA,NA,4.3,NA,NA,NA,NA,NA,NA
Maryland,2009,40000,NA,NA,180000,NA,NA,NA,4.5,NA,NA,NA,NA,NA,NA
Maryland,2010,40000,NA,NA,120000,NA,NA,NA,3,NA,NA,NA,NA,NA,NA
Maryland,2011,35000,NA,NA,123000,NA,NA,NA,3.5,NA,NA,NA,NA,NA,NA
Maryland,2012,59128,348,58780,197853,NA,NA,0.005885536,3.5,NA,NA,14402,105676,0,7
Maryland,2013,30000,NA,NA,114000,NA,NA,NA,3.8,NA,NA,NA,NA,NA,NA
Maryland,2014,35000,NA,NA,133000,NA,NA,NA,3.8,NA,NA,NA,NA,NA,NA
Maryland,2015,35000,NA,NA,154000,NA,NA,NA,4.4,NA,NA,NA,NA,NA,NA
Maryland,2016,35000,NA,NA,144000,NA,NA,NA,4.1,NA,NA,NA,NA,NA,NA
Maryland,2017,63950,467,63483,233179,NA,NA,0.00730258,3.9,NA,NA,12764,108441,313,6
Maryland,2018,40000,NA,NA,180000,NA,NA,NA,4.5,NA,NA,NA,NA,NA,NA
Maryland,2019,34000,NA,NA,119000,NA,NA,NA,3.5,NA,NA,NA,NA,NA,NA
Maryland,2020,35000,NA,NA,102000,NA,NA,NA,2.9,NA,NA,NA,NA,NA,NA
Maryland,2021,34000,NA,NA,112000,NA,NA,NA,3.3,NA,NA,NA,NA,NA,NA
Maryland,2022,65839,1063,64776,231753,NA,NA,0.016145445708470662,4.1,NA,NA,10549,78019,0,5
Maryland,2023,45000,NA,NA,135000,NA,NA,NA,3,NA,NA,NA,NA,NA,NA
Maryland,2024,40000,NA,NA,176000,NA,NA,NA,4.4,NA,NA,NA,NA,NA,NA
Maryland,2025,35000,NA,NA,140000,NA,NA,NA,4,NA,NA,NA,NA,NA,NA
Massachusetts,2005,10000,NA,NA,22000,NA,NA,NA,2.2,NA,NA,NA,NA,NA,NA
Massachusetts,2006,8000,NA,NA,18000,NA,NA,NA,2.3,NA,NA,NA,NA,NA,NA
Massachusetts,2007,18921,0,18921,44537,NA,NA,0,2.4,NA,NA,5416,34766,NA,NA
Massachusetts,2008,8000,NA,NA,17000,NA,NA,NA,2.1,NA,NA,NA,NA,NA,NA
Massachusetts,2009,6000,NA,NA,12000,NA,NA,NA,2,NA,NA,NA,NA,NA,NA
Massachusetts,2010,7000,NA,NA,17000,NA,NA,NA,2.4,NA,NA,NA,NA,NA,NA
Massachusetts,2011,9000,NA,NA,19000,NA,NA,NA,2.1,NA,NA,NA,NA,NA,NA
Massachusetts,2012,17585,0,17585,39789,NA,NA,0,2.3,NA,NA,4432,34071,0,2
Massachusetts,2013,9000,NA,NA,28000,NA,NA,NA,3.1,NA,NA,NA,NA,NA,NA
Massachusetts,2014,10000,NA,NA,18000,NA,NA,NA,1.8,NA,NA,NA,NA,NA,NA
Massachusetts,2015,9000,NA,NA,18000,NA,NA,NA,2,NA,NA,NA,NA,NA,NA
Massachusetts,2016,7000,NA,NA,16000,NA,NA,NA,2.3,NA,NA,NA,NA,NA,NA
Massachusetts,2017,18410,69,18341,43845,NA,NA,0.003747963,2.5,NA,NA,4946,26518,0,1
Massachusetts,2018,9000,NA,NA,19000,NA,NA,NA,2.1,NA,NA,NA,NA,NA,NA
Massachusetts,2019,6000,NA,NA,16000,NA,NA,NA,2.7,NA,NA,NA,NA,NA,NA
Massachusetts,2020,5000,NA,NA,7000,NA,NA,NA,1.3,NA,NA,NA,NA,NA,NA
Massachusetts,2021,5000,NA,NA,10000,NA,NA,NA,1.9,NA,NA,NA,NA,NA,NA
Massachusetts,2022,13007,62,12945,19015,NA,NA,0.004766664,1.8,NA,NA,4632,25244,0,1
Massachusetts,2023,4000,NA,NA,6000,NA,NA,NA,1.5,NA,NA,NA,NA,NA,NA
Massachusetts,2024,3000,NA,NA,5000,NA,NA,NA,1.5,NA,NA,NA,NA,NA,NA
Massachusetts,2025,4000,NA,NA,8000,NA,NA,NA,2.1,NA,NA,NA,NA,NA,NA
Michigan,2005,900000,NA,NA,2520000,NA,NA,NA,2.8,NA,NA,300000,2010000,NA,NA
Michigan,2006,810000,NA,NA,2592000,NA,NA,NA,3.2,NA,NA,280000,1932000,NA,NA
Michigan,2007,1468595,8080,1460515,3632036,NA,NA,0.005501857,2.5,NA,NA,488142,3409013,10493,116
Michigan,2008,770000,NA,NA,2233000,NA,NA,NA,2.9,NA,NA,270000,1728000,NA,NA
Michigan,2009,700000,NA,NA,1960000,NA,NA,NA,2.8,NA,NA,290000,1508000,NA,NA
Michigan,2010,700000,NA,NA,2100000,NA,NA,NA,3,NA,NA,310000,2325000,NA,NA
Michigan,2011,700000,NA,NA,2240000,NA,NA,NA,3.2,NA,NA,250000,1775000,NA,NA
Michigan,2012,1261194,8363,1252831,2643287,NA,NA,0.006631018,2.1,NA,NA,439386,3070904,12086,111
Michigan,2013,610000,NA,NA,1891000,NA,NA,NA,3.1,NA,NA,270000,1998000,NA,NA
Michigan,2014,640000,NA,NA,1856000,NA,NA,NA,2.9,NA,NA,260000,2236000,NA,NA
Michigan,2015,660000,NA,NA,2046000,NA,NA,NA,3.1,NA,NA,270000,2376000,NA,NA
Michigan,2016,640000,NA,NA,1920000,NA,NA,NA,3,NA,NA,250000,2225000,NA,NA
Michigan,2017,1186416,8707,1177709,2937628,NA,NA,0.00733891,2.6,NA,NA,476333,3741578,14383,116
Michigan,2018,590000,NA,NA,1416000,NA,NA,NA,2.4,NA,NA,260000,1768000,NA,NA
Michigan,2019,550000,NA,NA,1375000,NA,NA,NA,2.5,NA,NA,260000,2080000,NA,NA
Michigan,2020,560000,NA,NA,1568000,NA,NA,NA,2.8,NA,NA,250000,2075000,NA,NA
Michigan,2021,560000,NA,NA,1736000,NA,NA,NA,3.1,NA,NA,240000,2112000,NA,NA
Michigan,2022,1102761,12970,1089791,2604982,NA,NA,0.011761388007011491,2.6,NA,NA,459899,3625072,16209,150
Michigan,2023,550000,NA,NA,1375000,NA,NA,NA,2.5,NA,NA,230000,1541000,NA,NA
Michigan,2024,550000,NA,NA,1430000,NA,NA,NA,2.6,NA,NA,210000,1533000,NA,NA
Michigan,2025,550000,NA,NA,1705000,NA,NA,NA,3.1,NA,NA,190000,1691000,NA,NA
Minnesota,2005,1350000,NA,NA,4725000,NA,NA,NA,3.5,NA,NA,275000,1513000,NA,NA
Minnesota,2006,1350000,NA,NA,4455000,NA,NA,NA,3.3,NA,NA,285000,2024000,NA,NA
Minnesota,2007,2044775,15603,2029172,5861173,NA,NA,0.007630668,2.9,NA,NA,482275,2980578,9516,159
Minnesota,2008,1350000,NA,NA,4185000,NA,NA,NA,3.1,NA,NA,215000,1247000,NA,NA
Minnesota,2009,1300000,NA,NA,3900000,NA,NA,NA,3,NA,NA,250000,1650000,NA,NA
Minnesota,2010,1100000,NA,NA,3960000,NA,NA,NA,3.6,NA,NA,265000,1935000,NA,NA
Minnesota,2011,1100000,NA,NA,4070000,NA,NA,NA,3.7,NA,NA,290000,2059000,NA,NA
Minnesota,2012,1633559,13122,1620437,4702647,NA,NA,0.008032768,2.9,NA,NA,464221,3307461,8900,125
Minnesota,2013,950000,NA,NA,2470000,NA,NA,NA,2.6,NA,NA,285000,1853000,NA,NA
Minnesota,2014,1100000,NA,NA,3190000,NA,NA,NA,2.9,NA,NA,315000,2142000,NA,NA
Minnesota,2015,1050000,NA,NA,2835000,NA,NA,NA,2.7,NA,NA,350000,2555000,NA,NA
Minnesota,2016,1000000,NA,NA,3400000,NA,NA,NA,3.4,NA,NA,350000,2660000,NA,NA
Minnesota,2017,1698937,15364,1683573,5260020,NA,NA,0.009043302,3.35,NA,NA,436829,3060528,9924,146
Minnesota,2018,720000,NA,NA,2052000,NA,NA,NA,2.85,NA,NA,180000,1224000,NA,NA
Minnesota,2019,780000,NA,NA,2418000,NA,NA,NA,3.1,NA,NA,225000,1440000,NA,NA
Minnesota,2020,740000,NA,NA,2664000,NA,NA,NA,3.6,NA,NA,265000,1908000,NA,NA
Minnesota,2021,680000,NA,NA,1768000,NA,NA,NA,2.6,NA,NA,210000,1365000,NA,NA
Minnesota,2022,1384117,15949,1368168,3955568,NA,NA,0.01152287,3.1,NA,NA,396094,2674392,12058,149
Minnesota,2023,660000,NA,NA,1683000,NA,NA,NA,2.55,NA,NA,145000,769000,NA,NA
Minnesota,2024,680000,NA,NA,2550000,NA,NA,NA,3.75,NA,NA,220000,1804000,NA,NA
Minnesota,2025,760000,NA,NA,2850000,NA,NA,NA,3.75,NA,NA,155000,1070000,NA,NA
Mississippi,2007,3931,35,3896,7113,NA,NA,0.008903587,1.809463240905622,NA,NA,1035,2195,0,1
Mississippi,2012,2823,0,2823,7234,NA,NA,0,2.5625221395678355,NA,NA,1099,2046,NA,NA
Mississippi,2015,NA,NA,NA,0,NA,NA,NA,NA,NA,NA,NA,NA,NA,NA
Mississippi,2017,980,0,980,2879,NA,NA,0,2.9377551020408164,NA,NA,1583,9766,NA,NA
Mississippi,2022,115,0,115,164,NA,NA,0,1.4260869565217391,NA,NA,852,2852,NA,NA
Missouri,2005,420000,NA,NA,1134000,NA,NA,NA,2.7,NA,NA,35000,130000,NA,NA
Missouri,2006,390000,NA,NA,1131000,NA,NA,NA,2.9,NA,NA,30000,108000,NA,NA
Missouri,2007,695021,1823,693198,1922847,NA,NA,0.002622942,2.85,NA,NA,66008,249152,448,11
Missouri,2008,350000,NA,NA,1120000,NA,NA,NA,3.2,NA,NA,30000,150000,NA,NA
Missouri,2009,280000,NA,NA,840000,NA,NA,NA,3,NA,NA,10000,60000,NA,NA
Missouri,2010,240000,NA,NA,672000,NA,NA,NA,2.8,NA,NA,20000,120000,NA,NA
Missouri,2011,250000,NA,NA,650000,NA,NA,NA,2.6,NA,NA,10000,60000,NA,NA
Missouri,2012,415667,2064,413603,868943,NA,NA,0.004965513,2,NA,NA,56721,220833,644,17
Missouri,2013,330000,NA,NA,891000,NA,NA,NA,2.7,NA,NA,25000,150000,NA,NA
Missouri,2014,280000,NA,NA,700000,NA,NA,NA,2.5,NA,NA,20000,100000,NA,NA
Missouri,2015,260000,NA,NA,728000,NA,NA,NA,2.8,NA,NA,45000,225000,NA,NA
Missouri,2016,230000,NA,NA,736000,NA,NA,NA,3.2,NA,NA,20000,120000,NA,NA
Missouri,2017,536201,751,535450,1290015,NA,NA,0.001400594,2.4,NA,NA,60382,300382,1150,12
Missouri,2018,270000,NA,NA,648000,NA,NA,NA,2.4,NA,NA,35000,263000,NA,NA
Missouri,2019,260000,NA,NA,702000,NA,NA,NA,2.7,NA,NA,40000,160000,NA,NA
Missouri,2020,220000,NA,NA,594000,NA,NA,NA,2.7,NA,NA,15000,90000,NA,NA
Missouri,2021,250000,NA,NA,763000,NA,NA,NA,3.05,NA,NA,15000,30000,NA,NA
Missouri,2022,343932,1619,342313,819936,NA,NA,0.004707326,2.6,NA,NA,58997,265717,821,10
Missouri,2023,205000,NA,NA,451000,NA,NA,NA,2.2,NA,NA,10000,41000,NA,NA
Missouri,2024,255000,NA,NA,752000,NA,NA,NA,2.95,NA,NA,15000,53000,NA,NA
Missouri,2025,285000,NA,NA,670000,NA,NA,NA,2.35,NA,NA,10000,61000,NA,NA
Montana,2005,1750000,755000,995000,3850000,2580000,1270000,0.43142857142857144,2.2,3.4,1.3,NA,NA,NA,NA
Montana,2006,1550000,715000,835000,3255000,2430000,825000,0.4612903225806452,2.1,3.4,1,NA,NA,NA,NA
Montana,2007,3568756,1405960,998000,7676445,2308000,1432000,0.39396361084927073,2.2,3.3,1.4,28008,157076,18726,156
Montana,2008,1600000,595000,1005000,3040000,1959000,1081000,0.371875,1.9,3.3,1.1,NA,NA,NA,NA
Montana,2009,1700000,NA,NA,3570000,NA,NA,NA,2.1,NA,NA,NA,NA,NA,NA
Montana,2010,1950000,NA,NA,4485000,NA,NA,NA,2.3,NA,NA,NA,NA,NA,NA
Montana,2011,2000000,NA,NA,4400000,NA,NA,NA,2.2,NA,NA,NA,NA,NA,NA
Montana,2012,2984998,601765,2383233,5790112,NA,NA,0.20159645,2,NA,NA,19827,86294,13170,133
Montana,2013,1800000,NA,NA,3960000,NA,NA,NA,2.2,NA,NA,NA,NA,NA,NA
Montana,2014,1850000,NA,NA,3885000,NA,NA,NA,2.1,NA,NA,NA,NA,NA,NA
Montana,2015,1700000,NA,NA,3400000,NA,NA,NA,2,NA,NA,NA,NA,NA,NA
Montana,2016,1800000,NA,NA,3600000,NA,NA,NA,2,NA,NA,NA,NA,NA,NA
Montana,2017,3466438,742768,2723670,7020640,NA,NA,0.21427413385152136,2.1,NA,NA,24449,98239,15349,173
Montana,2018,1900000,NA,NA,3895000,NA,NA,NA,2.05,NA,NA,NA,NA,NA,NA
Montana,2019,2100000,NA,NA,4515000,NA,NA,NA,2.15,NA,NA,NA,NA,NA,NA
Montana,2020,1900000,NA,NA,4180000,NA,NA,NA,2.2,NA,NA,NA,NA,NA,NA
Montana,2021,1550000,NA,NA,2635000,NA,NA,NA,1.7,NA,NA,NA,NA,NA,NA
Montana,2022,3267085,664411,2602674,6135459,NA,NA,0.2033650792679101,2.05,NA,NA,41922,126259,22088,204
Montana,2023,1650000,NA,NA,3465000,NA,NA,NA,2.1,NA,NA,NA,NA,NA,NA
Montana,2024,1500000,NA,NA,3225000,NA,NA,NA,2.15,NA,NA,NA,NA,NA,NA
Montana,2025,1400000,NA,NA,3080000,NA,NA,NA,2.2,NA,NA,NA,NA,NA,NA
Nebraska,2005,1250000,430000,820000,4625000,2090000,2535000,0.344,3.7,4.86,3.09,50000,295000,NA,NA
Nebraska,2006,1200000,425000,775000,3960000,1945000,2015000,0.3541666666666667,3.3,4.58,2.6,30000,204000,NA,NA
Nebraska,2007,2185921,784516,705000,7970881,1815000,2200000,0.35889494634069574,3.65,4.59,3.12,70845,491074,14883,154
Nebraska,2008,970000,340000,630000,3832000,1660000,2172000,0.35051546391752575,3.95,4.9,3.45,35000,245000,NA,NA
Nebraska,2009,950000,330000,620000,3610000,1535000,2075000,0.3473684210526316,3.8,4.65,3.35,25000,158000,NA,NA
Nebraska,2010,890000,NA,NA,3649000,NA,NA,NA,4.1,NA,NA,20000,132000,NA,NA
Nebraska,2011,780000,NA,NA,3159000,NA,NA,NA,4.05,NA,NA,30000,150000,NA,NA
Nebraska,2012,1655885,303659,1352226,5124484,NA,NA,0.1833816961926704,3.1,NA,NA,59253,282364,11825,153
Nebraska,2013,700000,NA,NA,2415000,NA,NA,NA,3.45,NA,NA,25000,120000,NA,NA
Nebraska,2014,830000,NA,NA,3403000,NA,NA,NA,4.1,NA,NA,35000,193000,NA,NA
Nebraska,2015,850000,NA,NA,3400000,NA,NA,NA,4,NA,NA,30000,135000,NA,NA
Nebraska,2016,780000,NA,NA,3237000,NA,NA,NA,4.15,NA,NA,25000,163000,NA,NA
Nebraska,2017,1818720,326497,1492223,6696802,NA,NA,0.17952021201724289,3.95,NA,NA,58253,409912,12974,172
Nebraska,2018,850000,NA,NA,3655000,NA,NA,NA,4.3,NA,NA,25000,100000,NA,NA
Nebraska,2019,980000,NA,NA,3724000,NA,NA,NA,3.8,NA,NA,40000,164000,NA,NA
Nebraska,2020,860000,NA,NA,3268000,NA,NA,NA,3.8,NA,NA,35000,231000,NA,NA
Nebraska,2021,930000,NA,NA,3813000,NA,NA,NA,4.1,NA,NA,25000,105000,NA,NA
Nebraska,2022,1682319,317033,1365286,5105082,NA,NA,0.18844999075680652,3.1,NA,NA,56876,279743,10705,147
Nebraska,2023,850000,NA,NA,2890000,NA,NA,NA,3.4,NA,NA,40000,192000,NA,NA
Nebraska,2024,810000,NA,NA,3483000,NA,NA,NA,4.3,NA,NA,20000,160000,NA,NA
Nebraska,2025,865000,NA,NA,3201000,NA,NA,NA,3.7,NA,NA,35000,242000,NA,NA
Nevada,2005,260000,NA,NA,1248000,NA,NA,NA,4.8,NA,NA,NA,NA,NA,NA
Nevada,2006,270000,NA,NA,1269000,NA,NA,NA,4.7,NA,NA,NA,NA,NA,NA
Nevada,2007,539004,274004,265000,2410586,NA,NA,0.5083524426534868,4.5,NA,NA,0,39534,0,40
Nevada,2008,270000,NA,NA,1296000,NA,NA,NA,4.8,NA,NA,NA,NA,NA,NA
Nevada,2009,280000,NA,NA,1316000,NA,NA,NA,4.7,NA,NA,NA,NA,NA,NA
Nevada,2010,280000,NA,NA,1204000,NA,NA,NA,4.3,NA,NA,NA,NA,NA,NA
Nevada,2011,250000,NA,NA,1100000,NA,NA,NA,4.4,NA,NA,NA,NA,NA,NA
Nevada,2012,584041,339225,244816,2542129,NA,NA,0.5808239490035803,4.4,NA,NA,14553,67345,14553,74
Nevada,2013,210000,NA,NA,945000,NA,NA,NA,4.5,NA,NA,NA,NA,NA,NA
Nevada,2014,280000,NA,NA,1176000,NA,NA,NA,4.2,NA,NA,NA,NA,NA,NA
Nevada,2015,200000,NA,NA,860000,NA,NA,NA,4.3,NA,NA,NA,NA,NA,NA
Nevada,2016,200000,NA,NA,880000,NA,NA,NA,4.4,NA,NA,NA,NA,NA,NA
Nevada,2017,545361,320361,225000,2377483,NA,NA,0.5874292441153658,4.3,NA,NA,11634,42357,11634,63
Nevada,2018,185000,NA,NA,870000,NA,NA,NA,4.7,NA,NA,NA,NA,NA,NA
Nevada,2019,225000,NA,NA,1103000,NA,NA,NA,4.9,NA,NA,NA,NA,NA,NA
Nevada,2020,175000,NA,NA,770000,NA,NA,NA,4.4,NA,NA,NA,NA,NA,NA
Nevada,2021,210000,NA,NA,1071000,NA,NA,NA,5.1,NA,NA,NA,NA,NA,NA
Nevada,2022,574809,0,574809,2479727,NA,NA,0,4.4,NA,NA,11339,45692,11339,51
Nevada,2023,240000,NA,NA,1152000,NA,NA,NA,4.8,NA,NA,NA,NA,NA,NA
Nevada,2024,220000,NA,NA,990000,NA,NA,NA,4.5,NA,NA,NA,NA,NA,NA
Nevada,2025,215000,NA,NA,1011000,NA,NA,NA,4.7,NA,NA,NA,NA,NA,NA
New Hampshire,2005,7000,NA,NA,15000,NA,NA,NA,2.1,NA,NA,NA,NA,NA,NA
New Hampshire,2006,7000,NA,NA,17000,NA,NA,NA,2.4,NA,NA,NA,NA,NA,NA
New Hampshire,2007,10373,0,10373,25475,NA,NA,0,2.4,NA,NA,5456,35288,NA,NA
New Hampshire,2008,5000,NA,NA,14000,NA,NA,NA,2.8,NA,NA,NA,NA,NA,NA
New Hampshire,2009,7000,NA,NA,14000,NA,NA,NA,2,NA,NA,NA,NA,NA,NA
New Hampshire,2010,5000,NA,NA,7000,NA,NA,NA,1.4,NA,NA,NA,NA,NA,NA
New Hampshire,2011,4000,NA,NA,7000,NA,NA,NA,1.7,NA,NA,NA,NA,NA,NA
New Hampshire,2012,8893,59,8834,16607,NA,NA,0.006634432,2,NA,NA,3978,32437,NA,NA
New Hampshire,2013,6000,NA,NA,10000,NA,NA,NA,1.6,NA,NA,NA,NA,NA,NA
New Hampshire,2014,5000,NA,NA,10000,NA,NA,NA,2,NA,NA,NA,NA,NA,NA
New Hampshire,2015,5000,NA,NA,11000,NA,NA,NA,2.1,NA,NA,NA,NA,NA,NA
New Hampshire,2016,5000,NA,NA,9000,NA,NA,NA,1.7,NA,NA,NA,NA,NA,NA
New Hampshire,2017,10706,0,10706,18762,NA,NA,0,1.8,NA,NA,3605,23992,NA,NA
New Hampshire,2018,4000,NA,NA,9000,NA,NA,NA,2.2,NA,NA,NA,NA,NA,NA
New Hampshire,2019,4000,NA,NA,6000,NA,NA,NA,1.5,NA,NA,NA,NA,NA,NA
New Hampshire,2020,5000,NA,NA,10000,NA,NA,NA,2,NA,NA,NA,NA,NA,NA
New Hampshire,2021,5000,NA,NA,6000,NA,NA,NA,1.2,NA,NA,NA,NA,NA,NA
New Hampshire,2022,10891,NA,NA,28032,NA,NA,NA,2,NA,NA,2116,12416,NA,NA
New Hampshire,2023,5000,NA,NA,10000,NA,NA,NA,2,NA,NA,NA,NA,NA,NA
New Hampshire,2024,5000,NA,NA,9000,NA,NA,NA,1.8,NA,NA,NA,NA,NA,NA
New Hampshire,2025,5000,NA,NA,6000,NA,NA,NA,1.2,NA,NA,NA,NA,NA,NA
New Jersey,2005,25000,NA,NA,68000,NA,NA,NA,2.7,NA,NA,NA,NA,NA,NA
New Jersey,2006,25000,NA,NA,63000,NA,NA,NA,2.5,NA,NA,NA,NA,NA,NA
New Jersey,2007,40310,799,39511,105483,NA,NA,0.019821384271892832,2.7,NA,NA,3234,23747,NA,NA
New Jersey,2008,20000,NA,NA,58000,NA,NA,NA,2.9,NA,NA,NA,NA,NA,NA
New Jersey,2009,25000,NA,NA,70000,NA,NA,NA,2.8,NA,NA,NA,NA,NA,NA
New Jersey,2010,20000,NA,NA,58000,NA,NA,NA,2.9,NA,NA,NA,NA,NA,NA
New Jersey,2011,17000,NA,NA,54000,NA,NA,NA,3.2,NA,NA,NA,NA,NA,NA
New Jersey,2012,28587,272,28315,91074,NA,NA,0.009514814,3.4,NA,NA,2278,14861,142,6
New Jersey,2013,17000,NA,NA,51000,NA,NA,NA,3,NA,NA,NA,NA,NA,NA
New Jersey,2014,14000,NA,NA,49000,NA,NA,NA,3.5,NA,NA,NA,NA,NA,NA
New Jersey,2015,12000,NA,NA,36000,NA,NA,NA,3,NA,NA,NA,NA,NA,NA
New Jersey,2016,12000,NA,NA,38000,NA,NA,NA,3.15,NA,NA,NA,NA,NA,NA
New Jersey,2017,30717,413,30304,87603,NA,NA,0.013445323436533516,3.1,NA,NA,2534,15408,18,4
New Jersey,2018,9000,NA,NA,31000,NA,NA,NA,3.4,NA,NA,NA,NA,NA,NA
New Jersey,2019,11000,NA,NA,35000,NA,NA,NA,3.2,NA,NA,NA,NA,NA,NA
New Jersey,2020,16000,NA,NA,43000,NA,NA,NA,2.7,NA,NA,NA,NA,NA,NA
New Jersey,2021,13000,NA,NA,44000,NA,NA,NA,3.4,NA,NA,NA,NA,NA,NA
New Jersey,2022,30067,215,29852,73425,NA,NA,0.007150697,2.7,NA,NA,2346,10927,11,4
New Jersey,2023,12000,NA,NA,31000,NA,NA,NA,2.6,NA,NA,NA,NA,NA,NA
New Jersey,2024,12000,NA,NA,36000,NA,NA,NA,3,NA,NA,NA,NA,NA,NA
New Jersey,2025,11000,NA,NA,32000,NA,NA,NA,2.9,NA,NA,NA,NA,NA,NA
New Mexico,2005,240000,NA,NA,1224000,NA,NA,NA,5.1,NA,NA,7000,53000,NA,NA
New Mexico,2006,220000,NA,NA,1122000,NA,NA,NA,5.1,NA,NA,9000,75000,NA,NA
New Mexico,2007,476103,222018,254085,2424242,NA,NA,0.46632346362026705,5.2,NA,NA,20338,125836,7807,188
New Mexico,2008,250000,NA,NA,1300000,NA,NA,NA,5.2,NA,NA,9000,72000,NA,NA
New Mexico,2009,240000,NA,NA,1224000,NA,NA,NA,5.1,NA,NA,12000,66000,NA,NA
New Mexico,2010,220000,NA,NA,1144000,NA,NA,NA,5.2,NA,NA,9000,77000,NA,NA
New Mexico,2011,210000,NA,NA,1092000,NA,NA,NA,5.2,NA,NA,2000,19000,NA,NA
New Mexico,2012,422263,217959,204304,2130833,NA,NA,0.5161688331679546,5.3,NA,NA,10472,93057,4913,168
New Mexico,2013,145000,NA,NA,783000,NA,NA,NA,5.4,NA,NA,3000,29000,NA,NA
New Mexico,2014,210000,NA,NA,1008000,NA,NA,NA,4.8,NA,NA,10000,80000,NA,NA
New Mexico,2015,190000,NA,NA,893000,NA,NA,NA,4.7,NA,NA,3000,30000,NA,NA
New Mexico,2016,190000,NA,NA,874000,NA,NA,NA,4.6,NA,NA,NA,NA,NA,NA
New Mexico,2017,371551,175845,195706,1786870,NA,NA,0.47327284814197784,5,NA,NA,5662,41949,5134,204
New Mexico,2018,160000,NA,NA,752000,NA,NA,NA,4.7,NA,NA,NA,NA,NA,NA
New Mexico,2019,170000,NA,NA,833000,NA,NA,NA,4.9,NA,NA,NA,NA,NA,NA
New Mexico,2020,130000,NA,NA,689000,NA,NA,NA,5.3,NA,NA,NA,NA,NA,NA
New Mexico,2021,135000,NA,NA,675000,NA,NA,NA,5,NA,NA,NA,NA,NA,NA
New Mexico,2022,283888,135891,147997,1248969,NA,NA,0.4786782111255143,4.8,NA,NA,10313,47796,6009,171
New Mexico,2023,155000,NA,NA,744000,NA,NA,NA,4.8,NA,NA,NA,NA,NA,NA
New Mexico,2024,150000,NA,NA,750000,NA,NA,NA,5,NA,NA,NA,NA,NA,NA
New Mexico,2025,115000,NA,NA,483000,NA,NA,NA,4.2,NA,NA,NA,NA,NA,NA
New York,2005,450000,NA,NA,945000,NA,NA,NA,2.1,NA,NA,400000,2800000,NA,NA
New York,2006,370000,NA,NA,777000,NA,NA,NA,2.1,NA,NA,370000,2516000,NA,NA
New York,2007,870144,901,869243,2127421,NA,NA,0.001035461,2.4,NA,NA,900887,6200530,743,11
New York,2008,350000,NA,NA,945000,NA,NA,NA,2.7,NA,NA,470000,3478000,NA,NA
New York,2009,350000,NA,NA,805000,NA,NA,NA,2.3,NA,NA,440000,3256000,NA,NA
New York,2010,420000,NA,NA,882000,NA,NA,NA,2.1,NA,NA,430000,3053000,NA,NA
New York,2011,350000,NA,NA,840000,NA,NA,NA,2.4,NA,NA,350000,2485000,NA,NA
New York,2012,729014,671,728343,1721311,NA,NA,9.204212813471347e-4,2.3,NA,NA,798420,5279772,860,19
New York,2013,350000,NA,NA,770000,NA,NA,NA,2.2,NA,NA,400000,2600000,NA,NA
New York,2014,290000,NA,NA,754000,NA,NA,NA,2.6,NA,NA,340000,2346000,NA,NA
New York,2015,280000,NA,NA,644000,NA,NA,NA,2.3,NA,NA,360000,2592000,NA,NA
New York,2016,350000,NA,NA,770000,NA,NA,NA,2.2,NA,NA,400000,2600000,NA,NA
New York,2017,766095,1265,764830,1876233,NA,NA,0.001651231,2.6,NA,NA,821796,6275587,515,15
New York,2018,300000,NA,NA,720000,NA,NA,NA,2.4,NA,NA,450000,3735000,NA,NA
New York,2019,290000,NA,NA,638000,NA,NA,NA,2.2,NA,NA,300000,2280000,NA,NA
New York,2020,320000,NA,NA,608000,NA,NA,NA,1.9,NA,NA,360000,2592000,NA,NA
New York,2021,280000,NA,NA,616000,NA,NA,NA,2.2,NA,NA,330000,2492000,NA,NA
New York,2022,582364,2172,580192,1462755,NA,NA,0.003729626,2.6,NA,NA,660555,5080272,2082,56
New York,2023,200000,NA,NA,460000,NA,NA,NA,2.3,NA,NA,335000,3132000,NA,NA
New York,2024,250000,NA,NA,500000,NA,NA,NA,2,NA,NA,315000,2394000,NA,NA
New York,2025,210000,NA,NA,483000,NA,NA,NA,2.3,NA,NA,285000,2195000,NA,NA
North Carolina,2005,11000,NA,NA,28000,NA,NA,NA,2.5,NA,NA,NA,NA,NA,NA
North Carolina,2006,10000,NA,NA,31000,NA,NA,NA,3.1,NA,NA,NA,NA,NA,NA
North Carolina,2007,19322,360,18962,31755,NA,NA,0.018631611634406377,1.7,NA,NA,1441,7732,0,3
North Carolina,2008,8000,NA,NA,22000,NA,NA,NA,2.7,NA,NA,NA,NA,NA,NA
North Carolina,2009,7000,NA,NA,25000,NA,NA,NA,3.6,NA,NA,NA,NA,NA,NA
North Carolina,2010,7000,NA,NA,22000,NA,NA,NA,3.2,NA,NA,NA,NA,NA,NA
North Carolina,2011,6000,NA,NA,15000,NA,NA,NA,2.5,NA,NA,NA,NA,NA,NA
North Carolina,2012,19808,135,19673,73488,NA,NA,0.006815428,3.5,NA,NA,2532,16170,0,2
North Carolina,2013,8000,NA,NA,24000,NA,NA,NA,3,NA,NA,NA,NA,NA,NA
North Carolina,2014,10000,NA,NA,28000,NA,NA,NA,2.8,NA,NA,NA,NA,NA,NA
North Carolina,2015,7000,NA,NA,20000,NA,NA,NA,2.8,NA,NA,NA,NA,NA,NA
North Carolina,2016,7000,NA,NA,23000,NA,NA,NA,3.3,NA,NA,NA,NA,NA,NA
North Carolina,2017,20603,NA,NA,48842,NA,NA,NA,2.7,NA,NA,4452,11644,NA,NA
North Carolina,2018,6000,NA,NA,23000,NA,NA,NA,3.9,NA,NA,NA,NA,NA,NA
North Carolina,2019,6000,NA,NA,14000,NA,NA,NA,2.3,NA,NA,NA,NA,NA,NA
North Carolina,2020,5000,NA,NA,14000,NA,NA,NA,2.7,NA,NA,NA,NA,NA,NA
North Carolina,2021,8000,NA,NA,22000,NA,NA,NA,2.75,NA,NA,NA,NA,NA,NA
North Carolina,2022,27642,649,26993,72745,NA,NA,0.023478764,3,NA,NA,3385,16850,118,15
North Carolina,2023,7000,NA,NA,18000,NA,NA,NA,2.6,NA,NA,NA,NA,NA,NA
North Carolina,2024,8000,NA,NA,23000,NA,NA,NA,2.9,NA,NA,NA,NA,NA,NA
North Carolina,2025,9000,NA,NA,22000,NA,NA,NA,2.45,NA,NA,NA,NA,NA,NA
North Dakota,2005,1650000,NA,NA,3300000,NA,NA,NA,2,NA,NA,NA,NA,NA,NA
North Dakota,2006,1450000,NA,NA,1740000,NA,NA,NA,1.2,NA,NA,NA,NA,NA,NA
North Dakota,2007,3007604,21773,2985831,6327682,NA,NA,0.007239317,2.1,NA,NA,25803,99136,0,11
North Dakota,2008,1660000,NA,NA,2324000,NA,NA,NA,1.4,NA,NA,NA,NA,NA,NA
North Dakota,2009,1780000,NA,NA,3293000,NA,NA,NA,1.85,NA,NA,NA,NA,NA,NA
North Dakota,2010,1560000,NA,NA,3588000,NA,NA,NA,2.3,NA,NA,NA,NA,NA,NA
North Dakota,2011,1550000,NA,NA,3643000,NA,NA,NA,2.35,NA,NA,NA,NA,NA,NA
North Dakota,2012,2503345,10872,2492473,3559031,NA,NA,0.004342989,1.4,NA,NA,19260,46672,0,1
North Dakota,2013,1620000,NA,NA,3240000,NA,NA,NA,2,NA,NA,NA,NA,NA,NA
North Dakota,2014,1650000,NA,NA,3465000,NA,NA,NA,2.1,NA,NA,NA,NA,NA,NA
North Dakota,2015,1500000,NA,NA,2850000,NA,NA,NA,1.9,NA,NA,NA,NA,NA,NA
North Dakota,2016,1430000,NA,NA,2360000,NA,NA,NA,1.65,NA,NA,NA,NA,NA,NA
North Dakota,2017,2816407,15896,2800511,3762966,NA,NA,0.005644071,1.35,NA,NA,53726,228701,600,3
North Dakota,2018,1470000,NA,NA,2499000,NA,NA,NA,1.7,NA,NA,NA,NA,NA,NA
North Dakota,2019,1250000,NA,NA,2250000,NA,NA,NA,1.8,NA,NA,NA,NA,NA,NA
North Dakota,2020,1240000,NA,NA,2232000,NA,NA,NA,1.8,NA,NA,NA,NA,NA,NA
North Dakota,2021,940000,NA,NA,846000,NA,NA,NA,0.9,NA,NA,NA,NA,NA,NA
North Dakota,2022,2558313,16498,2541815,4673126,NA,NA,0.006448781,1.95,NA,NA,49290,251286,1067,12
North Dakota,2023,1530000,NA,NA,2601000,NA,NA,NA,1.7,NA,NA,NA,NA,NA,NA
North Dakota,2024,940000,NA,NA,1833000,NA,NA,NA,1.95,NA,NA,NA,NA,NA,NA
North Dakota,2025,1290000,NA,NA,2451000,NA,NA,NA,1.9,NA,NA,NA,NA,NA,NA
Ohio,2005,510000,NA,NA,1836000,NA,NA,NA,3.6,NA,NA,115000,725000,NA,NA
Ohio,2006,470000,NA,NA,1645000,NA,NA,NA,3.5,NA,NA,135000,1107000,NA,NA
Ohio,2007,877658,536,877122,2620174,NA,NA,6.107162471030857e-4,3.1,NA,NA,223868,1309179,0,1
Ohio,2008,420000,NA,NA,1218000,NA,NA,NA,2.9,NA,NA,95000,551000,NA,NA
Ohio,2009,380000,NA,NA,1292000,NA,NA,NA,3.4,NA,NA,124000,942000,NA,NA
Ohio,2010,390000,NA,NA,1287000,NA,NA,NA,3.3,NA,NA,76000,448000,NA,NA
Ohio,2011,380000,NA,NA,1292000,NA,NA,NA,3.4,NA,NA,60000,444000,NA,NA
Ohio,2012,740011,466,739545,2047119,NA,NA,6.297203690215416e-4,2.8,NA,NA,202442,1225015,194,12
Ohio,2013,355000,NA,NA,1243000,NA,NA,NA,3.5,NA,NA,80000,512000,NA,NA
Ohio,2014,320000,NA,NA,1120000,NA,NA,NA,3.5,NA,NA,85000,434000,NA,NA
Ohio,2015,350000,NA,NA,1015000,NA,NA,NA,2.9,NA,NA,100000,790000,NA,NA
Ohio,2016,365000,NA,NA,1241000,NA,NA,NA,3.4,NA,NA,90000,513000,NA,NA
Ohio,2017,762318,1176,761142,2337582,NA,NA,0.001542663,3.2,NA,NA,231229,1500192,594,23
Ohio,2018,350000,NA,NA,1085000,NA,NA,NA,3.1,NA,NA,90000,693000,NA,NA
Ohio,2019,330000,NA,NA,957000,NA,NA,NA,2.9,NA,NA,90000,639000,NA,NA
Ohio,2020,300000,NA,NA,870000,NA,NA,NA,2.9,NA,NA,70000,490000,NA,NA
Ohio,2021,320000,NA,NA,992000,NA,NA,NA,3.1,NA,NA,60000,450000,NA,NA
Ohio,2022,621071,1942,619129,1821605,NA,NA,0.003126857,3.1,NA,NA,150757,1072937,2387,20
Ohio,2023,290000,NA,NA,1131000,NA,NA,NA,3.9,NA,NA,80000,560000,NA,NA
Ohio,2024,290000,NA,NA,986000,NA,NA,NA,3.4,NA,NA,60000,540000,NA,NA
Ohio,2025,320000,NA,NA,1120000,NA,NA,NA,3.5,NA,NA,90000,720000,NA,NA
Oklahoma,2005,320000,NA,NA,1184000,NA,NA,NA,3.7,NA,NA,NA,NA,NA,NA
Oklahoma,2006,360000,NA,NA,756000,NA,NA,NA,2.1,NA,NA,NA,NA,NA,NA
Oklahoma,2007,674990,33000,641990,2389938,NA,NA,0.048889613,3.7,NA,NA,7938,40979,776,7
Oklahoma,2008,310000,NA,NA,1116000,NA,NA,NA,3.6,NA,NA,NA,NA,NA,NA
Oklahoma,2009,320000,NA,NA,928000,NA,NA,NA,2.9,NA,NA,NA,NA,NA,NA
Oklahoma,2010,310000,NA,NA,1023000,NA,NA,NA,3.3,NA,NA,NA,NA,NA,NA
Oklahoma,2011,200000,NA,NA,260000,NA,NA,NA,1.3,NA,NA,NA,NA,NA,NA
Oklahoma,2012,412650,24084,388566,1029226,NA,NA,0.058364231,2.5,NA,NA,3850,8286,0,1
Oklahoma,2013,230000,NA,NA,621000,NA,NA,NA,2.7,NA,NA,NA,NA,NA,NA
Oklahoma,2014,290000,NA,NA,841000,NA,NA,NA,2.9,NA,NA,NA,NA,NA,NA
Oklahoma,2015,220000,NA,NA,594000,NA,NA,NA,2.7,NA,NA,NA,NA,NA,NA
Oklahoma,2016,210000,NA,NA,798000,NA,NA,NA,3.8,NA,NA,NA,NA,NA,NA
Oklahoma,2017,550204,28044,522160,1689227,NA,NA,0.050970186,3.1,NA,NA,3986,13412,630,10
Oklahoma,2018,230000,NA,NA,621000,NA,NA,NA,2.7,NA,NA,NA,NA,NA,NA
Oklahoma,2019,205000,NA,NA,615000,NA,NA,NA,3,NA,NA,NA,NA,NA,NA
Oklahoma,2020,190000,NA,NA,684000,NA,NA,NA,3.6,NA,NA,NA,NA,NA,NA
Oklahoma,2021,180000,NA,NA,558000,NA,NA,NA,3.1,NA,NA,NA,NA,NA,NA
Oklahoma,2022,424186,20054,404132,875851,NA,NA,0.047276431,2,NA,NA,4222,20187,380,4
Oklahoma,2023,175000,NA,NA,683000,NA,NA,NA,3.9,NA,NA,NA,NA,NA,NA
Oklahoma,2024,260000,NA,NA,780000,NA,NA,NA,3,NA,NA,NA,NA,NA,NA
Oklahoma,2025,235000,NA,NA,564000,NA,NA,NA,2.4,NA,NA,NA,NA,NA,NA
Oregon,2005,400000,NA,NA,1760000,NA,NA,NA,4.4,NA,NA,NA,NA,NA,NA
Oregon,2006,430000,NA,NA,1892000,NA,NA,NA,4.4,NA,NA,NA,NA,NA,NA
Oregon,2007,838812,380679,458133,3458894,NA,NA,0.45383113260182256,4.1,NA,NA,15085,130882,12953,92
Oregon,2008,420000,NA,NA,1680000,NA,NA,NA,4,NA,NA,NA,NA,NA,NA
Oregon,2009,400000,NA,NA,1800000,NA,NA,NA,4.5,NA,NA,NA,NA,NA,NA
Oregon,2010,415000,NA,NA,1785000,NA,NA,NA,4.3,NA,NA,NA,NA,NA,NA
Oregon,2011,400000,NA,NA,1800000,NA,NA,NA,4.5,NA,NA,NA,NA,NA,NA
Oregon,2012,743735,314983,428752,3153488,NA,NA,0.42351509610277854,4.4,NA,NA,29431,198642,24880,123
Oregon,2013,400000,NA,NA,1840000,NA,NA,NA,4.6,NA,NA,NA,NA,NA,NA
Oregon,2014,350000,NA,NA,1540000,NA,NA,NA,4.4,NA,NA,NA,NA,NA,NA
Oregon,2015,370000,NA,NA,1554000,NA,NA,NA,4.2,NA,NA,NA,NA,NA,NA
Oregon,2016,420000,NA,NA,1974000,NA,NA,NA,4.7,NA,NA,NA,NA,NA,NA
Oregon,2017,848390,360140,488250,3683942,NA,NA,0.42449816711653837,4.7,NA,NA,19802,110989,17022,149
Oregon,2018,420000,NA,NA,1722000,NA,NA,NA,4.1,NA,NA,NA,NA,NA,NA
Oregon,2019,400000,NA,NA,1880000,NA,NA,NA,4.7,NA,NA,NA,NA,NA,NA
Oregon,2020,360000,NA,NA,1656000,NA,NA,NA,4.6,NA,NA,NA,NA,NA,NA
Oregon,2021,400000,NA,NA,1360000,NA,NA,NA,3.4,NA,NA,NA,NA,NA,NA
Oregon,2022,708904,317246,391658,3006192,NA,NA,0.4475161657996005,4.4,NA,NA,26014,109446,21799,145
Oregon,2023,320000,NA,NA,1504000,NA,NA,NA,4.7,NA,NA,NA,NA,NA,NA
Oregon,2024,330000,NA,NA,1452000,NA,NA,NA,4.4,NA,NA,NA,NA,NA,NA
Oregon,2025,350000,NA,NA,1645000,NA,NA,NA,4.7,NA,NA,NA,NA,NA,NA
Pennsylvania,2005,510000,NA,NA,1326000,NA,NA,NA,2.6,NA,NA,305000,1891000,NA,NA
Pennsylvania,2006,500000,NA,NA,1500000,NA,NA,NA,3,NA,NA,320000,2048000,NA,NA
Pennsylvania,2007,1075873,462,1075411,3157225,NA,NA,4.2941871391883614e-4,3,NA,NA,606527,3916407,413,48
Pennsylvania,2008,550000,NA,NA,1650000,NA,NA,NA,3,NA,NA,270000,1998000,NA,NA
Pennsylvania,2009,500000,NA,NA,1450000,NA,NA,NA,2.9,NA,NA,325000,2503000,NA,NA
Pennsylvania,2010,500000,NA,NA,1300000,NA,NA,NA,2.6,NA,NA,285000,1596000,NA,NA
Pennsylvania,2011,410000,NA,NA,1107000,NA,NA,NA,2.7,NA,NA,260000,1456000,NA,NA
Pennsylvania,2012,800984,811,800173,2179714,NA,NA,0.001012505,2.6,NA,NA,539257,3463129,1465,114
Pennsylvania,2013,340000,NA,NA,986000,NA,NA,NA,2.9,NA,NA,285000,2081000,NA,NA
Pennsylvania,2014,350000,NA,NA,980000,NA,NA,NA,2.8,NA,NA,290000,2001000,NA,NA
Pennsylvania,2015,430000,NA,NA,1118000,NA,NA,NA,2.6,NA,NA,285000,2109000,NA,NA
Pennsylvania,2016,350000,NA,NA,1050000,NA,NA,NA,3,NA,NA,275000,1925000,NA,NA
Pennsylvania,2017,840231,1011,839220,2494432,NA,NA,0.001203241,3.1,NA,NA,504070,3869498,919,42
Pennsylvania,2018,300000,NA,NA,870000,NA,NA,NA,2.9,NA,NA,250000,1675000,NA,NA
Pennsylvania,2019,290000,NA,NA,870000,NA,NA,NA,3,NA,NA,200000,1600000,NA,NA
Pennsylvania,2020,395000,NA,NA,1185000,NA,NA,NA,3,NA,NA,195000,1365000,NA,NA
Pennsylvania,2021,320000,NA,NA,928000,NA,NA,NA,2.9,NA,NA,155000,1194000,NA,NA
Pennsylvania,2022,651531,3141,648390,1926595,NA,NA,0.004820952,3.6,NA,NA,277893,2111656,1351,50
Pennsylvania,2023,270000,NA,NA,810000,NA,NA,NA,3,NA,NA,105000,819000,NA,NA
Pennsylvania,2024,270000,NA,NA,837000,NA,NA,NA,3.1,NA,NA,130000,923000,NA,NA
Pennsylvania,2025,230000,NA,NA,736000,NA,NA,NA,3.2,NA,NA,110000,858000,NA,NA
Rhode Island,2005,2000,NA,NA,6000,NA,NA,NA,3,NA,NA,NA,NA,NA,NA
Rhode Island,2006,1000,NA,NA,3000,NA,NA,NA,3,NA,NA,NA,NA,NA,NA
Rhode Island,2007,2035,0,2035,3806,NA,NA,0,1.8,NA,NA,166,921,NA,NA
Rhode Island,2008,1000,NA,NA,3000,NA,NA,NA,2.7,NA,NA,NA,NA,NA,NA
Rhode Island,2009,1000,NA,NA,2000,NA,NA,NA,1.7,NA,NA,NA,NA,NA,NA
Rhode Island,2010,1000,NA,NA,2000,NA,NA,NA,1.7,NA,NA,NA,NA,NA,NA
Rhode Island,2011,1000,NA,NA,2000,NA,NA,NA,2.4,NA,NA,NA,NA,NA,NA
Rhode Island,2012,1668,0,1668,3366,NA,NA,0,1.5,NA,NA,405,1530,NA,NA
Rhode Island,2013,1000,NA,NA,2000,NA,NA,NA,2,NA,NA,NA,NA,NA,NA
Rhode Island,2014,1000,NA,NA,3000,NA,NA,NA,2.5,NA,NA,NA,NA,NA,NA
Rhode Island,2015,1000,NA,NA,2000,NA,NA,NA,2,NA,NA,NA,NA,NA,NA
Rhode Island,2016,1000,NA,NA,1000,NA,NA,NA,1.1,NA,NA,NA,NA,NA,NA
Rhode Island,2017,1000,0,1000,2000,NA,NA,0,2,NA,NA,310,1310,NA,NA
Rhode Island,2018,1000,NA,NA,2000,NA,NA,NA,2,NA,NA,NA,NA,NA,NA
Rhode Island,2019,1000,NA,NA,2000,NA,NA,NA,2.2,NA,NA,NA,NA,NA,NA
Rhode Island,2020,1000,NA,NA,2000,NA,NA,NA,2,NA,NA,NA,NA,NA,NA
Rhode Island,2021,1000,NA,NA,2000,NA,NA,NA,2,NA,NA,NA,NA,NA,NA
Rhode Island,2022,1000,8,992,2000,NA,NA,0.008,2.2,NA,NA,0,0,NA,NA
Rhode Island,2023,1000,NA,NA,2000,NA,NA,NA,2,NA,NA,NA,NA,NA,NA
Rhode Island,2024,1000,NA,NA,2000,NA,NA,NA,1.5,NA,NA,NA,NA,NA,NA
Rhode Island,2025,1000,NA,NA,2000,NA,NA,NA,2.2,NA,NA,NA,NA,NA,NA
South Carolina,2007,4070,274,3796,8860,NA,NA,0.067321867,2.176904176904177,NA,NA,1202,7856,NA,NA
South Carolina,2012,2087,32,2055,4488,NA,NA,0.015333013895543843,2.150455198850024,NA,NA,346,2086,0,3
South Carolina,2015,NA,NA,NA,0,NA,NA,NA,NA,NA,NA,NA,NA,NA,NA
South Carolina,2017,1299,18,1281,2296,NA,NA,0.013856812933025405,1.7675134719014627,NA,NA,402,1946,93,11
South Carolina,2022,3346,88,3258,7849,NA,NA,0.02630006,2.345786013,NA,NA,1121,4203,11,7
South Dakota,2005,2400000,NA,NA,5160000,NA,NA,NA,2.15,NA,NA,50000,240000,NA,NA
South Dakota,2006,1800000,NA,NA,2880000,NA,NA,NA,1.6,NA,NA,25000,110000,NA,NA
South Dakota,2007,4196599,75913,4120686,9364338,NA,NA,0.018089172,2.25,NA,NA,116425,513442,2483,31
South Dakota,2008,2400000,NA,NA,5520000,NA,NA,NA,2.3,NA,NA,40000,168000,NA,NA
South Dakota,2009,2500000,NA,NA,5750000,NA,NA,NA,2.3,NA,NA,50000,245000,NA,NA
South Dakota,2010,2150000,NA,NA,5160000,NA,NA,NA,2.4,NA,NA,35000,172000,NA,NA
South Dakota,2011,2200000,NA,NA,5940000,NA,NA,NA,2.7,NA,NA,35000,217000,NA,NA
South Dakota,2012,3086635,55900,3030735,4404903,NA,NA,0.018110337,1.4,NA,NA,110942,420995,1792,21
South Dakota,2013,1800000,NA,NA,3780000,NA,NA,NA,2.1,NA,NA,40000,260000,NA,NA
South Dakota,2014,1900000,NA,NA,4370000,NA,NA,NA,2.3,NA,NA,30000,123000,NA,NA
South Dakota,2015,1900000,NA,NA,4180000,NA,NA,NA,2.2,NA,NA,50000,260000,NA,NA
South Dakota,2016,1700000,NA,NA,3400000,NA,NA,NA,2,NA,NA,50000,335000,NA,NA
South Dakota,2017,3164666,79506,3085160,5428937,NA,NA,0.025123030360865887,1.75,NA,NA,128490,653421,6889,56
South Dakota,2018,1750000,NA,NA,3763000,NA,NA,NA,2.15,NA,NA,75000,450000,NA,NA
South Dakota,2019,1950000,NA,NA,4583000,NA,NA,NA,2.35,NA,NA,105000,368000,NA,NA
South Dakota,2020,1800000,NA,NA,3240000,NA,NA,NA,1.8,NA,NA,60000,270000,NA,NA
South Dakota,2021,1300000,NA,NA,1950000,NA,NA,NA,1.5,NA,NA,30000,150000,NA,NA
South Dakota,2022,3419234,69267,3349967,5661572,NA,NA,0.020258046100383887,1.7,NA,NA,88604,495058,4264,52
South Dakota,2023,1690000,NA,NA,3972000,NA,NA,NA,2.35,NA,NA,80000,420000,NA,NA
South Dakota,2024,1450000,NA,NA,3480000,NA,NA,NA,2.4,NA,NA,60000,240000,NA,NA
South Dakota,2025,1490000,NA,NA,3576000,NA,NA,NA,2.4,NA,NA,40000,148000,NA,NA
Tennessee,2005,35000,NA,NA,112000,NA,NA,NA,3.2,NA,NA,NA,NA,NA,NA
Tennessee,2006,30000,NA,NA,111000,NA,NA,NA,3.7,NA,NA,NA,NA,NA,NA
Tennessee,2007,45074,0,45074,105819,NA,NA,0,2.4,NA,NA,2493,8739,0,1
Tennessee,2008,20000,NA,NA,60000,NA,NA,NA,3,NA,NA,NA,NA,NA,NA
Tennessee,2009,15000,NA,NA,56000,NA,NA,NA,3.7,NA,NA,NA,NA,NA,NA
Tennessee,2010,15000,NA,NA,51000,NA,NA,NA,3.4,NA,NA,NA,NA,NA,NA
Tennessee,2011,20000,NA,NA,70000,NA,NA,NA,3.5,NA,NA,NA,NA,NA,NA
Tennessee,2012,28296,231,28065,87391,NA,NA,0.008163698,3.2,NA,NA,3131,11703,0,2
Tennessee,2013,15000,NA,NA,57000,NA,NA,NA,3.8,NA,NA,NA,NA,NA,NA
Tennessee,2014,16000,NA,NA,43000,NA,NA,NA,2.7,NA,NA,NA,NA,NA,NA
Tennessee,2015,15000,NA,NA,51000,NA,NA,NA,3.4,NA,NA,NA,NA,NA,NA
Tennessee,2016,15000,NA,NA,54000,NA,NA,NA,3.6,NA,NA,NA,NA,NA,NA
Tennessee,2017,26267,0,26267,82473,NA,NA,0,3.6,NA,NA,9705,47500,NA,NA
Tennessee,2018,20000,NA,NA,66000,NA,NA,NA,3.3,NA,NA,NA,NA,NA,NA
Tennessee,2019,13000,NA,NA,48000,NA,NA,NA,3.7,NA,NA,NA,NA,NA,NA
Tennessee,2020,19000,NA,NA,74000,NA,NA,NA,3.9,NA,NA,NA,NA,NA,NA
Tennessee,2021,15000,NA,NA,57000,NA,NA,NA,3.8,NA,NA,NA,NA,NA,NA
Tennessee,2022,37643,259,37384,82131,NA,NA,0.006880429,3.1,NA,NA,10141,31766,0,2
Tennessee,2023,16000,NA,NA,50000,NA,NA,NA,3.1,NA,NA,NA,NA,NA,NA
Tennessee,2024,15000,NA,NA,51000,NA,NA,NA,3.4,NA,NA,NA,NA,NA,NA
Tennessee,2025,15000,NA,NA,45000,NA,NA,NA,3,NA,NA,NA,NA,NA,NA
Texas,2005,150000,NA,NA,810000,NA,NA,NA,5.4,NA,NA,10000,33000,NA,NA
Texas,2006,150000,NA,NA,675000,NA,NA,NA,4.5,NA,NA,13000,65000,NA,NA
Texas,2007,293763,98831,194932,1421303,NA,NA,0.3364310685824968,5,NA,NA,45832,224210,8794,283
Texas,2008,130000,NA,NA,611000,NA,NA,NA,4.7,NA,NA,20000,114000,NA,NA
Texas,2009,120000,NA,NA,600000,NA,NA,NA,5,NA,NA,20000,108000,NA,NA
Texas,2010,120000,NA,NA,600000,NA,NA,NA,5,NA,NA,18000,90000,NA,NA
Texas,2011,100000,NA,NA,460000,NA,NA,NA,4.6,NA,NA,15000,75000,NA,NA
Texas,2012,238995,69490,169505,995768,NA,NA,0.29075922090420303,4.6,NA,NA,27773,201088,7344,43
Texas,2013,140000,NA,NA,630000,NA,NA,NA,4.5,NA,NA,4000,28000,NA,NA
Texas,2014,140000,NA,NA,616000,NA,NA,NA,4.4,NA,NA,7000,49000,NA,NA
Texas,2015,130000,NA,NA,520000,NA,NA,NA,4,NA,NA,6000,42000,NA,NA
Texas,2016,130000,NA,NA,689000,NA,NA,NA,5.3,NA,NA,7000,49000,NA,NA
Texas,2017,262879,56321,206558,1011243,NA,NA,0.21424685882097846,4.4,NA,NA,26455,153500,8402,52
Texas,2018,140000,NA,NA,784000,NA,NA,NA,5.6,NA,NA,5000,35000,NA,NA
Texas,2019,120000,NA,NA,576000,NA,NA,NA,4.8,NA,NA,10000,75000,NA,NA
Texas,2020,110000,NA,NA,539000,NA,NA,NA,4.9,NA,NA,5000,38000,NA,NA
Texas,2021,100000,NA,NA,540000,NA,NA,NA,5.4,NA,NA,10000,80000,NA,NA
Texas,2022,203416,53171,150245,680831,NA,NA,0.2613904510952924,4.2,NA,NA,27287,159503,12995,89
Texas,2023,85000,NA,NA,468000,NA,NA,NA,5.5,NA,NA,9000,72000,NA,NA
Texas,2024,110000,NA,NA,440000,NA,NA,NA,4,NA,NA,4000,32000,NA,NA
Texas,2025,100000,NA,NA,340000,NA,NA,NA,3.4,NA,NA,2000,16000,NA,NA
Utah,2005,540000,NA,NA,2268000,NA,NA,NA,4.2,NA,NA,NA,NA,NA,NA
Utah,2006,560000,NA,NA,2240000,NA,NA,NA,4,NA,NA,NA,NA,NA,NA
Utah,2007,1098570,507798,590772,4427218,NA,NA,0.4622354515415495,4.1,NA,NA,20859,148026,20201,283
Utah,2008,550000,NA,NA,2310000,NA,NA,NA,4.2,NA,NA,NA,NA,NA,NA
Utah,2009,530000,NA,NA,2226000,NA,NA,NA,4.2,NA,NA,NA,NA,NA,NA
Utah,2010,540000,NA,NA,2160000,NA,NA,NA,4,NA,NA,NA,NA,NA,NA
Utah,2011,580000,NA,NA,2378000,NA,NA,NA,4.1,NA,NA,NA,NA,NA,NA
Utah,2012,1065894,512245,553649,4281154,NA,NA,0.48057780604825623,4.1,NA,NA,24918,179415,24281,293
Utah,2013,550000,NA,NA,2310000,NA,NA,NA,4.2,NA,NA,NA,NA,NA,NA
Utah,2014,520000,NA,NA,2028000,NA,NA,NA,3.9,NA,NA,NA,NA,NA,NA
Utah,2015,510000,NA,NA,2091000,NA,NA,NA,4.1,NA,NA,NA,NA,NA,NA
Utah,2016,530000,NA,NA,2226000,NA,NA,NA,4.2,NA,NA,NA,NA,NA,NA
Utah,2017,1146725,547985,598740,4712989,NA,NA,0.4778695851228499,4.2,NA,NA,35459,175376,31105,411
Utah,2018,500000,NA,NA,1850000,NA,NA,NA,3.7,NA,NA,NA,NA,NA,NA
Utah,2019,510000,NA,NA,2193000,NA,NA,NA,4.3,NA,NA,NA,NA,NA,NA
Utah,2020,550000,NA,NA,2090000,NA,NA,NA,3.8,NA,NA,NA,NA,NA,NA
Utah,2021,520000,NA,NA,1924000,NA,NA,NA,3.7,NA,NA,NA,NA,NA,NA
Utah,2022,939495,410361,529134,3734775,NA,NA,0.4367889131927259,4.1,NA,NA,27398,118637,26583,350
Utah,2023,490000,NA,NA,1960000,NA,NA,NA,4,NA,NA,NA,NA,NA,NA
Utah,2024,520000,NA,NA,2080000,NA,NA,NA,4,NA,NA,NA,NA,NA,NA
Utah,2025,480000,NA,NA,2064000,NA,NA,NA,4.3,NA,NA,NA,NA,NA,NA
Vermont,2005,40000,NA,NA,72000,NA,NA,NA,1.8,NA,NA,70000,490000,NA,NA
Vermont,2006,35000,NA,NA,70000,NA,NA,NA,2,NA,NA,70000,469000,NA,NA
Vermont,2007,61769,0,61769,134624,NA,NA,0,2.2,NA,NA,132504,944007,0,2
Vermont,2008,30000,NA,NA,51000,NA,NA,NA,1.7,NA,NA,65000,507000,NA,NA
Vermont,2009,35000,NA,NA,74000,NA,NA,NA,2.1,NA,NA,55000,396000,NA,NA
Vermont,2010,30000,NA,NA,42000,NA,NA,NA,1.4,NA,NA,60000,498000,NA,NA
Vermont,2011,30000,NA,NA,57000,NA,NA,NA,1.9,NA,NA,60000,444000,NA,NA
Vermont,2012,57432,18,57414,137381,NA,NA,3.134141245298788e-4,2.1,NA,NA,118591,869180,100,5
Vermont,2013,35000,NA,NA,63000,NA,NA,NA,1.8,NA,NA,70000,469000,NA,NA
Vermont,2014,35000,NA,NA,56000,NA,NA,NA,1.6,NA,NA,50000,350000,NA,NA
Vermont,2015,35000,NA,NA,105000,NA,NA,NA,3,NA,NA,40000,240000,NA,NA
Vermont,2016,30000,NA,NA,75000,NA,NA,NA,2.5,NA,NA,40000,360000,NA,NA
Vermont,2017,55739,0,55739,100278,NA,NA,0,1.8,NA,NA,82611,650709,NA,NA
Vermont,2018,20000,NA,NA,36000,NA,NA,NA,1.8,NA,NA,45000,315000,NA,NA
Vermont,2019,20000,NA,NA,46000,NA,NA,NA,2.3,NA,NA,35000,256000,NA,NA
Vermont,2020,17000,NA,NA,29000,NA,NA,NA,1.7,NA,NA,45000,320000,NA,NA
Vermont,2021,15000,NA,NA,32000,NA,NA,NA,2.15,NA,NA,50000,340000,NA,NA
Vermont,2022,37534,0,37534,97453,NA,NA,0,3.4,NA,NA,68684,554531,0,4
Vermont,2023,15000,NA,NA,45000,NA,NA,NA,3,NA,NA,35000,308000,NA,NA
Vermont,2024,15000,NA,NA,24000,NA,NA,NA,1.6,NA,NA,31000,270000,NA,NA
Vermont,2025,13000,NA,NA,18000,NA,NA,NA,1.4,NA,NA,25000,223000,NA,NA
Virginia,2005,110000,NA,NA,396000,NA,NA,NA,3.6,NA,NA,NA,NA,NA,NA
Virginia,2006,100000,NA,NA,360000,NA,NA,NA,3.6,NA,NA,NA,NA,NA,NA
Virginia,2007,179213,679,178534,467807,NA,NA,0.003788788,2.6,NA,NA,17768,81183,827,40
Virginia,2008,90000,NA,NA,270000,NA,NA,NA,3,NA,NA,NA,NA,NA,NA
Virginia,2009,90000,NA,NA,270000,NA,NA,NA,3,NA,NA,NA,NA,NA,NA
Virginia,2010,80000,NA,NA,184000,NA,NA,NA,2.3,NA,NA,NA,NA,NA,NA
Virginia,2011,90000,NA,NA,288000,NA,NA,NA,3.2,NA,NA,NA,NA,NA,NA
Virginia,2012,141321,0,141321,453171,NA,NA,0,3.4,NA,NA,18073,109979,314,19
Virginia,2013,90000,NA,NA,324000,NA,NA,NA,3.6,NA,NA,NA,NA,NA,NA
Virginia,2014,75000,NA,NA,255000,NA,NA,NA,3.4,NA,NA,NA,NA,NA,NA
Virginia,2015,75000,NA,NA,225000,NA,NA,NA,3,NA,NA,NA,NA,NA,NA
Virginia,2016,65000,NA,NA,202000,NA,NA,NA,3.1,NA,NA,NA,NA,NA,NA
Virginia,2017,152066,NA,NA,450743,NA,NA,NA,3.4,NA,NA,22617,134976,NA,NA
Virginia,2018,40000,NA,NA,120000,NA,NA,NA,3,NA,NA,NA,NA,NA,NA
Virginia,2019,45000,NA,NA,135000,NA,NA,NA,3,NA,NA,NA,NA,NA,NA
Virginia,2020,35000,NA,NA,126000,NA,NA,NA,3.6,NA,NA,NA,NA,NA,NA
Virginia,2021,30000,NA,NA,87000,NA,NA,NA,2.9,NA,NA,NA,NA,NA,NA
Virginia,2022,105956,NA,NA,304601,NA,NA,NA,3.2,NA,NA,14434,72244,0,2
Virginia,2023,35000,NA,NA,112000,NA,NA,NA,3.2,NA,NA,NA,NA,NA,NA
Virginia,2024,30000,NA,NA,90000,NA,NA,NA,3,NA,NA,NA,NA,NA,NA
Virginia,2025,35000,NA,NA,112000,NA,NA,NA,3.2,NA,NA,NA,NA,NA,NA
Washington,2005,450000,NA,NA,2340000,NA,NA,NA,5.2,NA,NA,22000,176000,NA,NA
Washington,2006,440000,NA,NA,2156000,NA,NA,NA,4.9,NA,NA,20000,170000,NA,NA
Washington,2007,888588,334005,554583,4480001,NA,NA,0.37588286134856647,5.2,NA,NA,41145,362548,14822,153
Washington,2008,410000,NA,NA,1804000,NA,NA,NA,4.4,NA,NA,20000,130000,NA,NA
Washington,2009,490000,NA,NA,2401000,NA,NA,NA,4.9,NA,NA,23000,110000,NA,NA
Washington,2010,450000,NA,NA,2250000,NA,NA,NA,5,NA,NA,25000,160000,NA,NA
Washington,2011,380000,NA,NA,1976000,NA,NA,NA,5.2,NA,NA,39000,203000,NA,NA
Washington,2012,743923,248488,495435,3538815,NA,NA,0.33402381698105854,4.9,NA,NA,39513,221764,13644,164
Washington,2013,410000,NA,NA,2173000,NA,NA,NA,5.3,NA,NA,23000,120000,NA,NA
Washington,2014,420000,NA,NA,1974000,NA,NA,NA,4.7,NA,NA,23000,182000,NA,NA
Washington,2015,390000,NA,NA,2028000,NA,NA,NA,5.2,NA,NA,45000,329000,NA,NA
Washington,2016,430000,NA,NA,2236000,NA,NA,NA,5.2,NA,NA,22000,220000,NA,NA
Washington,2017,785146,280824,504322,3833533,NA,NA,0.3576710573574851,5.2,NA,NA,80781,670354,22431,226
Washington,2018,350000,NA,NA,1575000,NA,NA,NA,4.5,NA,NA,24000,204000,NA,NA
Washington,2019,330000,NA,NA,1518000,NA,NA,NA,4.6,NA,NA,40000,204000,NA,NA
Washington,2020,410000,NA,NA,1804000,NA,NA,NA,4.4,NA,NA,40000,360000,NA,NA
Washington,2021,390000,NA,NA,1794000,NA,NA,NA,4.6,NA,NA,40000,220000,NA,NA
Washington,2022,749831,275255,474576,3759752,NA,NA,0.3670893841412265,5.2,NA,NA,61666,446061,28952,206
Washington,2023,410000,NA,NA,2009000,NA,NA,NA,4.9,NA,NA,31000,251000,NA,NA
Washington,2024,340000,NA,NA,1564000,NA,NA,NA,4.6,NA,NA,23000,230000,NA,NA
Washington,2025,340000,NA,NA,1700000,NA,NA,NA,5,NA,NA,20000,170000,NA,NA
West Virginia,2005,35000,NA,NA,98000,NA,NA,NA,2.8,NA,NA,NA,NA,NA,NA
West Virginia,2006,35000,NA,NA,102000,NA,NA,NA,2.9,NA,NA,NA,NA,NA,NA
West Virginia,2007,58465,0,58465,131484,NA,NA,0,2.3,NA,NA,8734,31535,0,1
West Virginia,2008,25000,NA,NA,73000,NA,NA,NA,2.9,NA,NA,NA,NA,NA,NA
West Virginia,2009,25000,NA,NA,78000,NA,NA,NA,3.1,NA,NA,NA,NA,NA,NA
West Virginia,2010,20000,NA,NA,52000,NA,NA,NA,2.6,NA,NA,NA,NA,NA,NA
West Virginia,2011,25000,NA,NA,83000,NA,NA,NA,3.3,NA,NA,NA,NA,NA,NA
West Virginia,2012,49477,NA,NA,115388,NA,NA,NA,2.4,NA,NA,8894,37717,NA,NA
West Virginia,2013,20000,NA,NA,82000,NA,NA,NA,4.1,NA,NA,NA,NA,NA,NA
West Virginia,2014,18000,NA,NA,52000,NA,NA,NA,2.9,NA,NA,NA,NA,NA,NA
West Virginia,2015,20000,NA,NA,66000,NA,NA,NA,3.3,NA,NA,NA,NA,NA,NA
West Virginia,2016,17000,NA,NA,53000,NA,NA,NA,3.1,NA,NA,NA,NA,NA,NA
West Virginia,2017,31609,NA,NA,80818,NA,NA,NA,2.7,NA,NA,9675,43335,NA,NA
West Virginia,2018,15000,NA,NA,38000,NA,NA,NA,2.5,NA,NA,NA,NA,NA,NA
West Virginia,2019,15000,NA,NA,44000,NA,NA,NA,2.9,NA,NA,NA,NA,NA,NA
West Virginia,2020,10000,NA,NA,28000,NA,NA,NA,2.8,NA,NA,NA,NA,NA,NA
West Virginia,2021,18000,NA,NA,44000,NA,NA,NA,2.45,NA,NA,NA,NA,NA,NA
West Virginia,2022,54057,249,53808,103447,NA,NA,0.004606249,2.3,NA,NA,11243,36480,19,5
West Virginia,2023,10000,NA,NA,31000,NA,NA,NA,3.1,NA,NA,NA,NA,NA,NA
West Virginia,2024,7000,NA,NA,20000,NA,NA,NA,2.8,NA,NA,NA,NA,NA,NA
West Virginia,2025,15000,NA,NA,33000,NA,NA,NA,2.2,NA,NA,NA,NA,NA,NA
Wisconsin,2005,1550000,NA,NA,3720000,NA,NA,NA,2.4,NA,NA,1400000,8680000,NA,NA
Wisconsin,2006,1600000,NA,NA,4480000,NA,NA,NA,2.8,NA,NA,1400000,9520000,NA,NA
Wisconsin,2007,3067522,8809,3058713,7393619,NA,NA,0.002871699,2.4,NA,NA,2533257,16706573,11496,131
Wisconsin,2008,1500000,NA,NA,4050000,NA,NA,NA,2.7,NA,NA,1400000,9380000,NA,NA
Wisconsin,2009,1550000,NA,NA,3875000,NA,NA,NA,2.5,NA,NA,1400000,8260000,NA,NA
Wisconsin,2010,1300000,NA,NA,3770000,NA,NA,NA,2.9,NA,NA,1300000,10270000,NA,NA
Wisconsin,2011,1150000,NA,NA,3220000,NA,NA,NA,2.8,NA,NA,1250000,8750000,NA,NA
Wisconsin,2012,2222770,7149,2215621,5731565,NA,NA,0.003216257,2.5,NA,NA,2123187,13487266,16649,169
Wisconsin,2013,1100000,NA,NA,2860000,NA,NA,NA,2.6,NA,NA,1050000,5880000,NA,NA
Wisconsin,2014,1250000,NA,NA,4125000,NA,NA,NA,3.3,NA,NA,1200000,8760000,NA,NA
Wisconsin,2015,1200000,NA,NA,3360000,NA,NA,NA,2.8,NA,NA,1250000,8750000,NA,NA
Wisconsin,2016,1000000,NA,NA,3200000,NA,NA,NA,3.2,NA,NA,1150000,8510000,NA,NA
Wisconsin,2017,1952016,9609,1942407,5801064,NA,NA,0.004922603,3,NA,NA,2088688,14987699,21569,212
Wisconsin,2018,820000,NA,NA,1927000,NA,NA,NA,2.35,NA,NA,1000000,6700000,NA,NA
Wisconsin,2019,880000,NA,NA,2112000,NA,NA,NA,2.4,NA,NA,980000,5684000,NA,NA
Wisconsin,2020,850000,NA,NA,2720000,NA,NA,NA,3.2,NA,NA,920000,6808000,NA,NA
Wisconsin,2021,920000,NA,NA,2944000,NA,NA,NA,3.2,NA,NA,1040000,8008000,NA,NA
Wisconsin,2022,1717777,11250,1706527,5028877,NA,NA,0.006549162,3.1,NA,NA,1863755,14415752,20231,185
Wisconsin,2023,640000,NA,NA,1728000,NA,NA,NA,2.7,NA,NA,760000,5016000,NA,NA
Wisconsin,2024,830000,NA,NA,3030000,NA,NA,NA,3.65,NA,NA,745000,5439000,NA,NA
Wisconsin,2025,710000,NA,NA,2769000,NA,NA,NA,3.9,NA,NA,880000,6512000,NA,NA
Wyoming,2005,600000,440000,160000,1560000,1448000,112000,0.7333333333333333,2.6,3.3,0.7,NA,NA,NA,NA
Wyoming,2006,500000,390000,110000,1400000,1312000,88000,0.78,2.8,3.4,0.8,NA,NA,NA,NA
Wyoming,2007,1274284,916126,155000,3316438,1446000,174000,0.7189339268169419,2.7,3.2,1.1,10885,58819,9256,85
Wyoming,2008,530000,380000,150000,1537000,1361000,176000,0.71698113207547165,2.9,3.6,1.15,NA,NA,NA,NA
Wyoming,2009,690000,NA,NA,1725000,NA,NA,NA,2.5,NA,NA,NA,NA,NA,NA
Wyoming,2010,620000,NA,NA,1612000,NA,NA,NA,2.6,NA,NA,NA,NA,NA,NA
Wyoming,2011,620000,NA,NA,1550000,NA,NA,NA,2.5,NA,NA,NA,NA,NA,NA
Wyoming,2012,1021907,418971,602936,2765672,NA,NA,0.4099893630242282,2.8,NA,NA,10094,57337,9099,83
Wyoming,2013,450000,NA,NA,1440000,NA,NA,NA,3.2,NA,NA,NA,NA,NA,NA
Wyoming,2014,490000,NA,NA,1274000,NA,NA,NA,2.6,NA,NA,NA,NA,NA,NA
Wyoming,2015,540000,NA,NA,1350000,NA,NA,NA,2.5,NA,NA,NA,NA,NA,NA
Wyoming,2016,520000,NA,NA,1404000,NA,NA,NA,2.7,NA,NA,NA,NA,NA,NA
Wyoming,2017,1197339,448199,749140,3149634,NA,NA,0.37432924176027005,2.8,NA,NA,16277,57314,13350,93
Wyoming,2018,590000,NA,NA,1593000,NA,NA,NA,2.7,NA,NA,NA,NA,NA,NA
Wyoming,2019,640000,NA,NA,1728000,NA,NA,NA,2.7,NA,NA,NA,NA,NA,NA
Wyoming,2020,610000,NA,NA,1891000,NA,NA,NA,3.1,NA,NA,NA,NA,NA,NA
Wyoming,2021,490000,NA,NA,1372000,NA,NA,NA,2.8,NA,NA,NA,NA,NA,NA
Wyoming,2022,1107862,378733,729129,2894897,NA,NA,0.34185936515558796,2.9,NA,NA,14699,40272,12151,118
Wyoming,2023,590000,NA,NA,1770000,NA,NA,NA,3,NA,NA,NA,NA,NA,NA
Wyoming,2024,440000,NA,NA,1276000,NA,NA,NA,2.9,NA,NA,NA,NA,NA,NA
Wyoming,2025,500000,NA,NA,1250000,NA,NA,NA,2.5,NA,NA,NA,NA,NA,NA
Other States,2016,0,NA,NA,0,NA,NA,NA,0,NA,NA,NA,NA,NA,NA
Other States,2017,0,NA,NA,0,NA,NA,NA,0,NA,NA,NA,NA,NA,NA
Other States,2018,0,NA,NA,0,NA,NA,NA,0,NA,NA,NA,NA,NA,NA
Other States,2019,0,NA,NA,0,NA,NA,NA,0,NA,NA,NA,NA,NA,NA
Other States,2020,0,NA,NA,0,NA,NA,NA,0,NA,NA,NA,NA,NA,NA
Other States,2021,0,NA,NA,0,NA,NA,NA,0,NA,NA,NA,NA,NA,NA
Other States,2022,0,NA,NA,0,NA,NA,NA,0,NA,NA,NA,NA,NA,NA
Other States,2023,0,NA,NA,0,NA,NA,NA,0,NA,NA,NA,NA,NA,NA
Other States,2024,0,NA,NA,0,NA,NA,NA,0,NA,NA,NA,NA,NA,NA
Other States,2025,0,NA,NA,0,NA,NA,NA,0,NA,NA,NA,NA,NA,NA
